"","dta_collection_time","contract_time","ship_time","bid_time","vsl_company","vsl_name","vsl_type","total_weight","port","port_type_value","port_price_diff","distance","income","cost","bang_dian_cost","chao_qi_cost","kua_gang_cost"
"1",2016-07-15,2016-05-15,2016-05-20,2016-05-12,"HuaDe","1","0.5W",1042.222,"NingBoBaoDa",5000,5,715,39,50,1,0,0
"2",2016-07-15,2016-05-15,2016-05-20,2016-05-12,"HuaDe","1","0.5W",1883.841,"NingBoHaiZhao",5000,5,715,39,50,1,0,0
"3",2016-07-15,2016-05-21,2016-05-26,2016-05-12,"HuaDe","2","0.5W",372.972,"NingBoBaoDa",5000,5,715,39,43,1,0,0
"4",2016-07-15,2016-05-21,2016-05-26,2016-05-12,"HuaDe","2","0.5W",2380.966,"NingBoHaiZhao",5000,5,715,39,43,1,0,0
"5",2016-07-15,2016-05-21,2016-05-26,2016-05-12,"HuaDe","2","0.5W",74.68,"NingBoHuaPu",7500,5,715,39,43,1,0,0
"6",2016-07-15,2016-05-21,2016-05-26,2016-05-12,"HuaDe","2","0.5W",1649.38,"NingBoJiangYong",5100,5,715,39,43,1,0,0
"7",2016-07-15,2016-05-25,2016-05-30,2016-05-12,"HuaDe","3","0.5W",5016.34,"JiaoJiangSSZD",5100,5,830,39,47,1,0,0
"8",2016-07-15,2016-05-27,2016-06-01,2016-05-12,"HuaDe","4","1.3-1.5W",2253.845,"NingBoBaoDa",5000,5,715,39,27,1,2,0
"9",2016-07-15,2016-05-27,2016-06-01,2016-05-12,"HuaDe","4","1.3-1.5W",12462.276,"NingBoZhenHai",16000,0,715,34,27,1,2,0
"10",2016-07-15,2016-06-01,2016-06-06,2016-05-12,"HuaDe","5","0.3W",3347.1,"NingBoHaiZhao",5000,5,715,39,45,1,0,0
"11",2016-07-15,2016-06-01,2016-06-06,2016-05-12,"HuaDe","6","0.5W",4707.23,"NingBoHaiZhao",5000,5,715,39,43,1,0,0
"12",2016-07-15,2016-06-01,2016-06-06,2016-05-12,"HuaDe","2","0.5W",4443.818,"NingBoHaiZhao",5000,5,715,39,43,1,0,0
"13",2016-07-15,2016-06-01,2016-06-06,2016-05-12,"HuaDe","7","0.5W",2667.198,"NingBoBaoDa",5000,5,715,39,44,1,0,0
"14",2016-07-15,2016-06-01,2016-06-06,2016-05-12,"HuaDe","7","0.5W",2248.1,"NingBoHaiZhao",5000,5,715,39,44,1,0,0
"15",2016-07-15,2016-06-01,2016-06-06,2016-05-12,"HuaDe","7","0.5W",77.99,"NingBoJiangYong",5100,5,715,39,44,1,0,0
"16",2016-07-15,2016-06-07,2016-06-12,2016-05-12,"HuaDe","8","0.5W",2927.869,"NingBoBaoDa",5000,5,715,39,27,1,0,0
"17",2016-07-15,2016-06-07,2016-06-12,2016-05-12,"HuaDe","8","0.5W",3118.35,"NingBoZhenHai",16000,0,715,34,27,1,0,0
"18",2016-07-15,2016-06-07,2016-06-12,2016-05-12,"HuaDe","9","0.5W",3796.277,"JiaoJiangSSZD",5100,5,830,39,48,1,0,0
"19",2016-07-15,2016-06-07,2016-06-12,2016-05-12,"HuaDe","9","0.5W",1172.694,"NingBoHaiZhao",5000,5,715,39,48,1,0,0
"20",2016-07-15,2016-06-15,2016-06-20,2016-05-12,"HuaDe","2","0.5W",1867.036,"NingBoBaoDa",5000,5,715,39,43,1,0,1
"21",2016-07-15,2016-06-15,2016-06-20,2016-05-12,"HuaDe","2","0.5W",305.211,"NingBoHaiZhao",5000,5,715,39,43,1,0,1
"22",2016-07-15,2016-06-15,2016-06-20,2016-05-12,"HuaDe","2","0.5W",2267.38,"NingBoHuaPu",7500,5,715,39,43,1,0,1
"23",2016-07-15,2016-06-20,2016-06-25,2016-05-12,"HuaDe","10","1.3-1.5W",4604.984,"NingBoBaoDa",5000,5,715,39,28.5,1,0,0
"24",2016-07-15,2016-06-20,2016-06-25,2016-05-12,"HuaDe","10","1.3-1.5W",1918.174,"NingBoHaiZhao",5000,5,715,39,28.5,1,0,0
"25",2016-07-15,2016-06-20,2016-06-25,2016-05-12,"HuaDe","10","1.3-1.5W",8074.814,"NingBoZhenHai",16000,0,715,34,28.5,1,0,0
"26",2016-07-15,2016-06-20,2016-06-25,2016-05-12,"HuaDe","9","0.5W",3757.49,"JiaoJiangSSZD",5100,5,830,39,50,1,0,0
"27",2016-07-15,2016-06-20,2016-06-25,2016-05-12,"HuaDe","9","0.5W",1215.995,"NingBoHaiZhao",5000,5,715,39,50,1,0,0
"28",2016-07-15,2016-06-22,2016-06-27,2016-05-12,"HuaDe","11","0.5W",4973.009,"NingBoHaiZhao",5000,5,715,39,43,1,0,0
"29",2016-07-15,2016-06-29,2016-07-04,2016-05-12,"HuaDe","12","0.5W",4973.009,"NingBoHaiZhao",5000,5,715,39,43,1,0,0
"30",2016-07-15,2016-07-01,2016-07-06,2016-05-12,"HuaDe","9","0.5W",2870.327,"NingBoHaiZhao",5000,5,715,39,50,1,0,0
"31",2016-07-15,2016-07-01,2016-07-06,2016-05-12,"HuaDe","9","0.5W",2070.435,"JiaoJiangSSZD",5100,5,830,39,50,1,0,0
"32",2016-07-15,2016-07-03,2016-07-08,2016-05-12,"HuaDe","13","1-1.25W",9746.775,"NingBoZhenHai",16000,0,715,34,28,1,0,0
"33",2016-07-15,2016-07-08,2016-07-13,2016-05-12,"HuaDe","14","0.5W",4699.966,"NingBoHaiZhao",5000,5,715,39,43,1,0,0
"34",2016-09-15,2016-07-13,2016-07-18,2016-07-12,"ZhongHaiBF","12","0.5W",4995.25,"NingBoHaiZhao",5000,5,715,39.8,41,1,0,0
"35",2016-09-15,2016-07-24,2016-07-29,2016-07-12,"ZhongHaiBF","15","0.5W",4992.606,"JiaoJiangSSZD",5100,5,830,39.8,47,1,0,0
"36",2016-09-15,2016-07-20,2016-07-25,2016-07-12,"ZhongHaiBF","16","0.5W",4927.05,"NingBoJiangYong",5100,5,715,39.8,42,1,5,0
"37",2016-09-15,2016-07-23,2016-07-28,2016-07-12,"ZhongHaiBF","17","0.5W",4848.641,"NingBoHaiZhao",5000,5,715,39.8,42,1,0,0
"38",2016-09-15,2016-07-24,2016-07-29,2016-07-12,"ZhongHaiBF","18","1.3-1.5W",14735.302,"NingBoZhenHai",16000,0,715,34.8,35,1,5,0
"39",2016-09-15,2016-07-27,2016-08-01,2016-07-12,"ZhongHaiBF","12","0.5W",4996.458,"NingBoJiangYong",5100,5,715,39.8,44,1,5,0
"40",2016-09-15,2016-07-31,2016-08-05,2016-07-12,"ZhongHaiBF","2","0.5W",4449.297,"NingBoHaiZhao",5000,5,715,39.8,46,1,5,0
"41",2016-09-15,2016-08-06,2016-08-11,2016-07-12,"ZhongHaiBF","19","0.5W",5001.314,"JiaoJiangSSZD",5100,5,830,39.8,50,1,0,0
"42",2016-09-15,2016-08-10,2016-08-15,2016-07-12,"ZhongHaiBF","5","0.3W",3348.447,"NingBoZhenHai",16000,0,715,34.8,47,1,5,0
"43",2016-09-15,2016-08-13,2016-08-18,2016-07-12,"ZhongHaiBF","17","0.5W",4817.526,"JiaoJiangSSZD",5100,5,830,39.8,48,1,0,0
"44",2016-09-15,2016-08-17,2016-08-22,2016-07-12,"ZhongHaiBF","12","0.5W",4992.308,"NingBoHaiZhao",5000,5,715,39.8,49,1,5,0
"45",2016-09-15,2016-08-19,2016-08-24,2016-07-12,"ZhongHaiBF","20","0.7W",7672.183,"NingBoZhenHai",16000,0,715,34.8,42.1,1,0,0
"46",2016-09-15,2016-09-05,2016-09-10,2016-07-12,"ZhongHaiBF","21","0.5W",5000,"NingBoJiangYong",5100,5,715,39.8,47,1,0,0
"47",2016-09-15,2016-08-27,2016-09-01,2016-07-12,"ZhongHaiBF","16","0.5W",4965.797,"NingBoHaiZhao",5000,5,715,39.8,49,1,5,0
"48",2016-09-15,2016-08-28,2016-09-02,2016-07-12,"ZhongHaiBF","12","0.5W",4981.572,"NingBoJiangYong",5100,5,715,39.8,52,1,5,0
"49",2016-09-15,2016-09-01,2016-09-06,2016-07-12,"ZhongHaiBF","22","1-1.25W",12712.376,"NingBoZhenHai",16000,0,715,34.8,34,1,5,0
"50",2016-09-15,2016-08-28,2016-09-02,2016-07-12,"ZhongHaiBF","23","0.5W",4994.384,"JiaoJiangSSZD",5100,5,830,39.8,49,1,5,0
"51",2016-09-15,2016-09-01,2016-09-06,2016-07-12,"ZhongHaiBF","24","0.5W",5001.72,"JiaoJiangSSZD",5100,5,830,39.8,49,1,5,0
"52",2016-10-15,2016-09-09,2016-09-14,2016-09-11,"HuaDe","25","0.5W",1241.75,"NingBoBLYG",7500,5,715,44.7,46,1,0,0
"53",2016-10-15,2016-09-09,2016-09-14,2016-09-11,"HuaDe","25","0.5W",3757.96,"NingBoJiangYong",5100,5,715,44.7,46,1,0,0
"54",2016-10-15,2016-09-18,2016-09-23,2016-09-11,"HuaDe","26","0.5W",1163.876,"NingBoBaoDa",5000,5,715,44.7,46,1,0,0
"55",2016-10-15,2016-09-18,2016-09-23,2016-09-11,"HuaDe","26","0.5W",3628.142,"NingBoHaiZhao",5000,5,715,44.7,46,1,0,0
"56",2016-10-15,2016-09-18,2016-09-23,2016-09-11,"HuaDe","11","0.5W",3198.54,"NingBoBLYG",7500,5,715,44.7,46,1,0,0
"57",2016-10-15,2016-09-18,2016-09-23,2016-09-11,"HuaDe","11","0.5W",1775.18,"NingBoJiangYong",5100,5,715,44.7,46,1,0,0
"58",2016-10-15,2016-09-24,2016-09-29,2016-09-11,"HuaDe","9","0.5W",355.58,"NingBoBLYG",7500,5,715,44.7,46,1,0,1
"59",2016-10-15,2016-09-24,2016-09-29,2016-09-11,"HuaDe","9","0.5W",2311.98,"NingBoHuaPu",7500,5,715,44.7,46,1,0,1
"60",2016-10-15,2016-09-24,2016-09-29,2016-09-11,"HuaDe","9","0.5W",2285.01,"NingBoJiangYong",5100,5,715,44.7,46,1,0,1
"61",2016-10-15,2016-09-24,2016-09-29,2016-09-11,"HuaDe","4","1.3-1.5W",10584.527,"NingBoZhenHai",16000,0,715,39.7,31,1,0,0
"62",2016-10-15,2016-09-24,2016-09-29,2016-09-11,"HuaDe","4","1.3-1.5W",3069.147,"NingBoBaoDa",5000,5,715,44.7,31,1,0,0
"63",2016-10-15,2016-09-24,2016-09-29,2016-09-11,"HuaDe","4","1.3-1.5W",890.244,"NingBoHaiZhao",5000,5,715,44.7,31,1,0,0
"64",2016-10-15,2016-09-25,2016-09-30,2016-09-11,"HuaDe","27","0.5W",1284.897,"NingBoDaXie",7500,5,715,44.7,47,1,0,1
"65",2016-10-15,2016-09-25,2016-09-30,2016-09-11,"HuaDe","27","0.5W",3411.168,"NingBoHaiZhao",5000,5,715,44.7,47,1,0,1
"66",2016-10-15,2016-09-25,2016-09-30,2016-09-11,"HuaDe","28","0.5W",4998.344,"JiaoJiangSSZD",5100,5,830,44.7,50,1,0,0
"67",2016-10-15,2016-10-04,2016-10-09,2016-09-11,"HuaDe","29","0.5W",5080.603,"JiaoJiangSSZD",5100,5,830,44.7,50,1,0,0
"68",2016-10-15,2016-10-03,2016-10-08,2016-09-11,"HuaDe","11","0.5W",1302.343,"NingBoBaoDa",5000,5,715,44.7,46,1,0,0
"69",2016-10-15,2016-10-03,2016-10-08,2016-09-11,"HuaDe","11","0.5W",3650.741,"NingBoHaiZhao",5000,5,715,44.7,46,1,0,0
"70",2016-10-15,2016-10-08,2016-10-13,2016-09-11,"HuaDe","30","1.3-1.5W",9603.634,"NingBoZhenHai",16000,0,715,39.7,38.1,1,0,0
"71",2016-10-15,2016-10-08,2016-10-13,2016-09-11,"HuaDe","30","1.3-1.5W",3318.054,"NingBoHaiZhao",5000,5,715,44.7,38.1,1,0,0
"72",2016-10-15,2016-10-08,2016-10-13,2016-09-11,"HuaDe","14","0.5W",1191.07,"NingBoHuaPu",7500,5,715,44.7,46,1,0,2
"73",2016-10-15,2016-10-08,2016-10-13,2016-09-11,"HuaDe","14","0.5W",3512.4,"NingBoJiangYong",5100,5,715,44.7,46,1,0,2
"74",2016-12-15,2016-10-15,2016-10-20,2016-10-11,"LiXin","25","0.5W",4999.825,"NingBoJiangYong",5100,5,715,50.5,52,1,0,0
"75",2016-12-15,2016-10-16,2016-10-21,2016-10-11,"LiXin","5","0.3W",3337.03,"NingBoHaiZhao",5000,5,715,50.5,60.1,1,0,0
"76",2016-12-15,2016-10-20,2016-10-25,2016-10-11,"LiXin","12","0.5W",4683.249,"JiaoJiangSSZD",5100,5,830,50.5,59.3,1,0,0
"77",2016-12-15,2016-10-22,2016-10-27,2016-10-11,"LiXin","31","0.5W",4144.24,"NingBoJiangYong",5100,5,715,50.5,54,1,0,0
"78",2016-12-15,2016-10-22,2016-10-27,2016-10-11,"LiXin","32","1-1.25W",5169.037,"NingBoZhenHai",16000,0,715,45.5,50,1,5,0
"79",2016-12-15,2016-10-22,2016-10-27,2016-10-11,"LiXin","32","1-1.25W",5517.513,"NingBoHaiZhao",5000,5,715,50.5,50,1,5,0
"80",2016-12-15,2016-10-30,2016-11-04,2016-10-11,"LiXin","33","1.3-1.5W",592.746,"NingBoZhenHai",16000,0,715,45.5,55.9,1,0,0
"81",2016-12-15,2016-10-26,2016-10-31,2016-10-11,"LiXin","34","0.5W",4980.924,"NingBoHaiZhao",5000,5,715,50.5,53.2,1,5,0
"82",2016-12-15,2016-10-30,2016-11-04,2016-10-11,"LiXin","12","0.5W",4982.67,"NingBoJiangYong",5100,5,715,50.5,67.8,1,5,0
"83",2016-12-15,2016-11-03,2016-11-08,2016-10-11,"LiXin","35","1-1.25W",3015.964,"NingBoZhenHai",16000,0,715,45.5,50,1,5,0
"84",2016-12-15,2016-11-04,2016-11-09,2016-10-11,"LiXin","16","0.5W",4954.367,"NingBoHaiZhao",5000,5,715,50.5,82.3,1,0,0
"85",2016-12-15,2016-11-05,2016-11-10,2016-10-11,"LiXin","36","0.5W",4257.65,"JiaoJiangSSZD",5100,5,830,50.5,80.2,1,0,0
"86",2016-12-15,2016-11-06,2016-11-11,2016-10-11,"LiXin","31","0.5W",4119.87,"NingBoJiangYong",5100,5,715,50.5,70,1,0,0
"87",2016-12-15,2016-11-10,2016-11-15,2016-10-11,"LiXin","12","0.5W",4995.883,"NingBoJiangYong",5100,5,715,50.5,77.4,1,0,0
"88",2016-12-15,2016-11-13,2016-11-18,2016-10-11,"LiXin","37","1-1.25W",8452.662,"NingBoZhenHai",16000,0,715,45.5,55,1,0,0
"89",2016-12-15,2016-11-13,2016-11-18,2016-10-11,"LiXin","37","1-1.25W",1446.226,"NingBoHaiZhao",5000,5,715,50.5,55,1,0,0
"90",2016-12-15,2016-11-16,2016-11-21,2016-10-11,"LiXin","34","0.5W",4998.668,"NingBoHaiZhao",5000,5,715,50.5,82.5,1,0,0
"91",2016-12-15,2016-11-17,2016-11-22,2016-10-11,"LiXin","38","1.3-1.5W",3267.303,"NingBoZhenHai",16000,0,715,45.5,58.5,1,0,0
"92",2016-12-15,2016-11-20,2016-11-25,2016-10-11,"LiXin","12","0.5W",4995.361,"NingBoJiangYong",5100,5,715,50.5,85.2,1,0,0
"93",2016-12-15,2016-11-27,2016-12-02,2016-10-11,"LiXin","39","1.3-1.5W",7180.878,"NingBoZhenHai",16000,0,715,45.5,64,1,5,2
"94",2016-12-15,2016-11-27,2016-12-02,2016-10-11,"LiXin","39","1.3-1.5W",6454.802,"NingBoHaiZhao",5000,5,715,50.5,64,1,5,0
"95",2016-12-15,2016-11-24,2016-11-29,2016-10-11,"LiXin","17","0.5W",4176.581,"JiaoJiangSSZD",5100,5,830,50.5,87.5,1,0,0
"96",2016-12-15,2016-11-24,2016-11-29,2016-10-11,"LiXin","40","0.5W",4368.08,"NingBoJiangYong",5100,5,715,50.5,85,1,5,0
"97",2016-12-15,2016-11-23,2016-11-28,2016-10-11,"LiXin","21","0.5W",4990.448,"NingBoHaiZhao",5000,5,715,50.5,82.5,1,0,0
"98",2016-12-15,2016-11-26,2016-12-01,2016-10-11,"LiXin","41","0.5W",4959.79,"NingBoJiangYong",5100,5,715,50.5,83,1,0,0
"99",2016-12-15,2016-11-27,2016-12-02,2016-10-11,"LiXin","34","0.5W",4998.365,"NingBoHaiZhao",5000,5,715,50.5,83,1,0,0
"100",2016-12-15,2016-12-01,2016-12-06,2016-10-11,"LiXin","12","0.5W",4984.188,"NingBoJiangYong",5100,5,715,50.5,85.5,1,0,0
"101",2016-12-15,2016-12-03,2016-12-08,2016-10-11,"LiXin","42","1.6-1.8W",4000,"NingBoZhenHai",16000,0,715,45.5,62,1,0,1
"102",2016-12-15,2016-12-03,2016-12-08,2016-10-11,"LiXin","42","1.6-1.8W",1600,"NingBoHaiZhao",5000,5,715,50.5,62,1,0,1
"103",2016-12-15,2016-12-09,2016-12-14,2016-10-11,"LiXin","34","0.5W",4230.151,"JiaoJiangSSZD",5100,5,830,50.5,91.4,1,0,0
"104",2016-12-15,2016-12-09,2016-12-14,2016-10-11,"LiXin","34","0.5W",768.89,"NingBoJiangYong",5100,5,715,50.5,91.4,1,0,0
"105",2017-03-15,2016-12-14,2016-12-19,2016-12-11,"LiXin","12","0.5W",4992.748,"NingBoJiangYong",5100,5,715,89.7,80,1,0,0
"106",2017-03-15,2016-12-22,2016-12-27,2016-12-11,"LiXin","43","1.3-1.5W",839.044,"NingBoZhenHai",16000,0,715,84.7,55,1,0,0
"107",2017-03-15,2016-12-21,2016-12-26,2016-12-11,"LiXin","38","1.3-1.5W",9539.346,"NingBoZhenHai",16000,0,715,84.7,52.91,1,0,0
"108",2017-03-15,2016-12-21,2016-12-26,2016-12-11,"LiXin","38","1.3-1.5W",1995.905,"NingBoHaiZhao",5000,5,715,89.7,52.91,1,0,0
"109",2017-03-15,2016-12-21,2016-12-26,2016-12-11,"LiXin","38","1.3-1.5W",495.95,"NingBoHaiZhao",5000,5,715,89.7,52.91,1,0,0
"110",2017-03-15,2016-12-21,2016-12-26,2016-12-11,"LiXin","38","1.3-1.5W",1487.63,"NingBoJiangYong",5100,5,715,89.7,52.91,1,0,0
"111",2017-03-15,2016-12-22,2016-12-27,2016-12-11,"LiXin","41","0.5W",4503.597,"JiaoJiangSSZD",5100,5,830,89.7,80,1,0,0
"112",2017-03-15,2016-12-22,2016-12-27,2016-12-11,"LiXin","31","0.5W",4133.116,"NingBoHaiZhao",5000,5,715,89.7,82,1,5,0
"113",2017-03-15,2016-12-25,2016-12-30,2016-12-11,"LiXin","34","0.5W",4995.027,"JiaoJiangSSZD",5100,5,830,89.7,80.4,1,0,0
"114",2017-03-15,2016-12-25,2016-12-30,2016-12-11,"LiXin","10","1.3-1.5W",6663.208,"NingBoZhenHai",16000,0,715,84.7,55,1,0,0
"115",2017-03-15,2016-12-25,2016-12-30,2016-12-11,"LiXin","10","1.3-1.5W",1844.43,"NingBoJiangYong",5100,5,715,89.7,55,1,0,0
"116",2017-03-15,2016-12-25,2016-12-30,2016-12-11,"LiXin","10","1.3-1.5W",3914.344,"NingBoHaiZhao",5000,5,715,89.7,55,1,0,0
"117",2017-03-15,2016-12-25,2016-12-30,2016-12-11,"LiXin","10","1.3-1.5W",1483.33,"NingBoHaiZhao",5000,5,715,89.7,55,1,0,0
"118",2017-03-15,2016-12-25,2016-12-30,2016-12-11,"LiXin","10","1.3-1.5W",679.912,"NingBoHaiZhao",5000,5,715,89.7,55,1,0,0
"119",2017-03-15,2016-12-25,2016-12-30,2016-12-11,"LiXin","12","0.5W",4960.118,"NingBoHaiZhao",5000,5,715,89.7,80,1,0,0
"120",2017-03-15,2017-01-01,2017-01-06,2016-12-11,"LiXin","31","0.5W",4156.91,"NingBoJiangYong",5100,5,715,89.7,80,1,0,0
"121",2017-03-15,2016-12-25,2016-12-30,2016-12-11,"LiXin","12","0.5W",4996.034,"NingBoHaiZhao",5000,5,715,89.7,84,1,0,0
"122",2017-03-15,2017-01-01,2017-01-06,2016-12-11,"LiXin","42","1.6-1.8W",6526.984,"NingBoZhenHai",16000,0,715,84.7,63,1,0,0
"123",2017-03-15,2017-01-02,2017-01-07,2016-12-11,"LiXin","31","0.5W",4159.87,"NingBoJiangYong",5100,5,715,89.7,76.2,1,0,0
"124",2017-03-15,2017-01-03,2017-01-08,2016-12-11,"LiXin","34","0.5W",4989.08,"NingBoHaiZhao",5000,5,715,89.7,74,1,0,0
"125",2017-03-15,2017-01-04,2017-01-09,2016-12-11,"LiXin","12","0.5W",4991.815,"JiaoJiangSSZD",5100,5,830,72.5,75,1,0,0
"126",2017-03-15,2017-01-05,2017-01-10,2016-12-11,"LiXin","41","0.5W",4970.13,"NingBoHaiZhao",5000,5,715,72.5,63.5,1,0,0
"127",2017-03-15,2017-01-06,2017-01-11,2016-12-11,"LiXin","35","1-1.25W",9127.16,"NingBoZhenHai",16000,0,715,67.5,41,1,0,0
"128",2017-03-15,2017-01-07,2017-01-12,2016-12-11,"LiXin","35","1-1.25W",1407.775,"NingBoHaiZhao",5000,5,715,72.5,41,1,0,0
"129",2017-03-15,2017-01-08,2017-01-13,2016-12-11,"LiXin","44","0.5W",2982.827,"JiaoJiangSSZD",5100,5,830,72.5,74,1,0,0
"130",2017-03-15,2017-01-09,2017-01-14,2016-12-11,"LiXin","41","0.5W",4979.677,"NingBoHaiZhao",5000,5,715,72.5,63.5,1,0,0
"131",2017-03-15,2017-01-10,2017-01-15,2016-12-11,"LiXin","31","0.5W",4156.09,"NingBoJiangYong",5100,5,715,72.5,68.8,1,0,0
"132",2017-03-15,2017-01-11,2017-01-16,2016-12-11,"LiXin","34","0.5W",4997.91,"NingBoJiangYong",5100,5,715,72.5,66.7,1,0,0
"133",2017-03-15,2017-01-12,2017-01-17,2016-12-11,"LiXin","25","0.5W",4838.771,"NingBoHaiZhao",5000,5,715,72.5,70,1,0,0
"134",2017-03-15,2017-01-13,2017-01-18,2016-12-11,"LiXin","38","1.3-1.5W",10213.211,"NingBoZhenHai",16000,0,715,67.5,38,1,0,0
"135",2017-03-15,2017-01-14,2017-01-19,2016-12-11,"LiXin","38","1.3-1.5W",3291.303,"NingBoHaiZhao",5000,5,715,72.5,38,1,0,0
"136",2017-03-15,2017-01-15,2017-01-20,2016-12-11,"LiXin","31","0.5W",2640.869,"JiaoJiangSSZD",5100,5,830,72.5,75,1,0,0
"137",2017-03-15,2017-01-16,2017-01-21,2016-12-11,"LiXin","12","0.5W",4990.73,"NingBoJiangYong",5100,5,715,72.5,68.8,1,0,0
"138",2017-03-15,2017-01-17,2017-01-22,2016-12-11,"LiXin","33","1.3-1.5W",2414.923,"NingBoZhenHai",16000,0,715,67.5,41,1,5,0
"139",2017-03-15,2017-01-18,2017-01-23,2016-12-11,"LiXin","33","1.3-1.5W",4533.65,"NingBoHaiZhao",5000,5,715,72.5,41,1,5,0
"140",2017-03-15,2017-01-19,2017-01-24,2016-12-11,"LiXin","33","1.3-1.5W",7997.55,"NingBoJiangYong",5100,5,715,72.5,41,1,5,0
"141",2017-03-15,2017-01-20,2017-01-25,2016-12-11,"LiXin","34","0.5W",4983.4,"NingBoJiangYong",5100,5,715,72.5,66.7,1,0,0
"142",2017-03-15,2017-01-21,2017-01-26,2016-12-11,"LiXin","45","1.6-1.8W",7930.997,"NingBoZhenHai",16000,0,715,67.5,42,1,0,0
"143",2017-03-15,2017-01-22,2017-01-27,2016-12-11,"LiXin","45","1.6-1.8W",2685.414,"NingBoHaiZhao",5000,5,715,72.5,42,1,0,0
"144",2017-03-15,2017-01-23,2017-01-28,2016-12-11,"LiXin","45","1.6-1.8W",482.76,"NingBoJiangYong",5100,5,715,72.5,42,1,0,0
"145",2017-03-15,2017-01-24,2017-01-29,2016-12-11,"LiXin","41","0.5W",4730.896,"JiaoJiangSSZD",5100,5,830,72.5,70,1,0,0
"146",2017-03-15,2017-01-25,2017-01-30,2016-12-11,"LiXin","46","1.3-1.5W",1192,"NingBoZhenHai",16000,0,715,67.5,42,1,0,0
"147",2017-03-15,2017-01-26,2017-01-31,2016-12-11,"LiXin","31","0.5W",986.998,"NingBoHaiZhao",5000,5,715,72.5,70,1,0,0
"148",2017-03-15,2017-01-27,2017-02-01,2016-12-11,"LiXin","31","0.5W",3172.86,"JiaoJiangSSZD",5100,5,830,72.5,70,1,0,0
"149",2017-03-15,2017-01-28,2017-02-02,2016-12-11,"LiXin","34","0.5W",4996.818,"NingBoHaiZhao",5000,5,715,72.5,68,1,0,0
"150",2017-03-15,2017-01-29,2017-02-03,2016-12-11,"LiXin","39","1.3-1.5W",644.314,"NingBoZhenHai",16000,0,715,67.5,42,1,0,0
"151",2017-07-15,2017-03-16,2017-03-21,2017-03-12,"HuHang","31","0.5W",4184.595,"NingBoHaiZhao",5000,5,715,72.5,69,1,0,0
"152",2017-07-15,2017-03-19,2017-03-24,2017-03-12,"HuHang","20","0.7W",6195.365,"NingBoZhenHai",16000,0,715,67.5,65,1,0,0
"153",2017-07-15,2017-03-19,2017-03-24,2017-03-12,"HuHang","20","0.7W",1046.578,"NingBoZhenHai",16000,0,715,72.5,65,1,0,0
"154",2017-07-15,2017-03-26,2017-03-31,2017-03-12,"HuHang","34","0.5W",4992.714,"JiaoJiangSSZD",5100,5,830,72.5,69,1,0,0
"155",2017-07-15,2017-03-23,2017-03-28,2017-03-12,"HuHang","12","0.5W",4997.134,"NingBoHaiZhao",5000,5,715,72.5,69,1,0,0
"156",2017-07-15,2017-03-25,2017-03-30,2017-03-12,"HuHang","31","0.5W",4149.947,"NingBoHaiZhao",5000,5,715,72.5,69,1,5,0
"157",2017-07-15,2017-03-27,2017-04-01,2017-03-12,"HuHang","47","0.5W",4952.504,"NingBoZhenHai",16000,0,715,62.5,65,1,0,0
"158",2017-07-15,2017-03-27,2017-04-01,2017-03-12,"HuHang","48","0.5W",4924.841,"NingBoHaiZhao",5000,5,715,72.5,65,1,0,0
"159",2017-07-15,2017-03-27,2017-04-01,2017-03-12,"HuHang","49","0.5W",3334.85,"NingBoZhenHai",16000,0,715,67.5,65,1,0,0
"160",2017-07-15,2017-03-27,2017-04-01,2017-03-12,"HuHang","49","0.5W",1676.534,"NingBoHaiZhao",5000,5,715,72.5,65,1,0,0
"161",2017-07-15,2017-04-02,2017-04-07,2017-03-12,"HuHang","12","0.5W",4991.712,"NingBoZhenHai",16000,0,715,67.5,69,1,0,0
"162",2017-07-15,2017-04-07,2017-04-12,2017-03-12,"HuHang","31","0.5W",4148.655,"NingBoHaiZhao",5000,5,715,72.5,65,1,0,0
"163",2017-07-15,2017-04-13,2017-04-18,2017-03-12,"HuHang","44","0.5W",4989.066,"NingBoHaiZhao",5000,5,715,72.5,58,1,0,0
"164",2017-07-15,2017-04-15,2017-04-20,2017-03-12,"HuHang","50","0.7W",6999.835,"NingBoZhenHai",16000,0,715,67.5,50,1,0,0
"165",2017-07-15,2017-04-15,2017-04-20,2017-03-12,"HuHang","50","0.7W",97.479,"NingBoHaiZhao",5000,5,715,72.5,50,1,0,0
"166",2017-07-15,2017-04-19,2017-04-24,2017-03-12,"HuHang","12","0.5W",4997.668,"NingBoHaiZhao",5000,5,715,72.5,65,1,0,0
"167",2017-07-15,2017-04-22,2017-04-27,2017-03-12,"HuHang","21","0.5W",4991.573,"NingBoHaiZhao",5000,5,715,72.5,64,1,0,0
"168",2017-07-15,2017-04-23,2017-04-28,2017-03-12,"HuHang","31","0.5W",4147.488,"NingBoHaiZhao",5000,5,715,72.5,65,1,0,0
"169",2017-07-15,2017-04-23,2017-04-28,2017-03-12,"HuHang","20","0.7W",4396.405,"NingBoZhenHai",16000,0,715,67.5,57,1,5,0
"170",2017-07-15,2017-04-23,2017-04-28,2017-03-12,"HuHang","20","0.7W",3350.734,"NingBoHaiZhao",5000,5,715,72.5,57,1,5,0
"171",2017-07-15,2017-04-27,2017-05-02,2017-03-12,"HuHang","51","0.5W",4315.653,"JiaoJiangSSZD",5100,5,830,72.5,69,1,0,0
"172",2017-07-15,2017-04-27,2017-05-02,2017-03-12,"HuHang","12","0.5W",4991.498,"NingBoHaiZhao",5000,5,715,72.5,65,1,0,0
"173",2017-07-15,2017-04-29,2017-05-04,2017-03-12,"HuHang","44","0.5W",4998.543,"NingBoHaiZhao",5000,5,715,72.5,64,1,0,0
"174",2017-07-15,2017-05-05,2017-05-10,2017-03-12,"HuHang","31","0.5W",4139.71,"NingBoHaiZhao",5000,5,715,72.5,58,1,5,0
"175",2017-07-15,2017-05-10,2017-05-15,2017-03-12,"HuHang","12","0.5W",966.782,"JiaoJiangSSZD",5100,5,830,72.5,58,1,0,0
"176",2017-07-15,2017-05-12,2017-05-17,2017-03-12,"HuHang","21","0.5W",4995.589,"NingBoHaiZhao",5000,5,715,72.5,58,1,0,0
"177",2017-07-15,2017-05-14,2017-05-19,2017-03-12,"HuHang","20","0.7W",7751.77,"NingBoZhenHai",16000,0,715,67.5,50,1,0,0
"178",2017-07-15,2017-05-14,2017-05-19,2017-03-12,"HuHang","31","0.5W",4149.24,"NingBoJiangYong",5100,5,715,72.5,58,1,0,0
"179",2017-07-15,2017-05-14,2017-05-19,2017-03-12,"HuHang","25","0.5W",4993.35,"NingBoHaiZhao",5000,5,715,72.5,58,1,0,0
"180",2017-07-15,2017-05-20,2017-05-25,2017-03-12,"HuHang","12","0.5W",4986.325,"NingBoHaiZhao",5000,5,715,72.5,58,1,0,0
"181",2017-07-15,2017-05-21,2017-05-26,2017-03-12,"HuHang","31","0.5W",4012.141,"NingBoHaiZhao",5000,5,715,72.5,58,1,0,0
"182",2017-07-15,2017-05-22,2017-05-27,2017-03-12,"HuHang","20","0.7W",7701.29,"NingBoZhenHai",16000,0,715,67.5,50,1,0,0
"183",2017-07-15,2017-05-26,2017-05-31,2017-03-12,"HuHang","1","0.5W",4901.581,"NingBoZhenHai",16000,0,715,67.5,54,1,0,0
"184",2017-07-15,2017-06-01,2017-06-06,2017-03-12,"HuHang","25","0.5W",1180.814,"NingBoHaiZhao",5000,5,715,72.5,59,1,0,0
"185",2017-07-15,2017-06-01,2017-06-06,2017-03-12,"HuHang","25","0.5W",3815.668,"JiaoJiangSSZD",5100,5,830,72.5,59,1,0,0
"186",2017-07-15,2017-05-31,2017-06-05,2017-03-12,"HuHang","52","0.5W",4992.7,"NingBoJiangYong",5100,5,715,72.5,51,1,0,0
"187",2017-07-15,2017-06-03,2017-06-08,2017-03-12,"HuHang","21","0.5W",4990.092,"NingBoZhenHai",16000,0,715,67.5,51,1,5,0
"188",2017-07-15,2017-06-07,2017-06-12,2017-03-12,"HuHang","31","0.5W",1771.571,"NingBoHaiZhao",5000,5,715,72.5,58,1,0,0
"189",2017-07-15,2017-06-07,2017-06-12,2017-03-12,"HuHang","31","0.5W",2376.3,"NingBoJiangYong",5100,5,715,72.5,58,1,0,0
"190",2017-07-15,2017-06-10,2017-06-15,2017-03-12,"HuHang","41","0.5W",4971.485,"NingBoZhenHai",16000,0,715,67.5,57.4,1,0,0
"191",2017-07-15,2017-06-11,2017-06-16,2017-03-12,"HuHang","7","0.5W",4984.325,"NingBoHaiZhao",5000,5,715,72.5,57,1,0,0
"192",2017-07-15,2017-06-18,2017-06-23,2017-03-12,"HuHang","12","0.5W",4994.76,"NingBoJiangYong",5100,5,715,72.5,58,1,0,0
"193",2017-07-15,2017-06-21,2017-06-26,2017-03-12,"HuHang","53","0.7W",8798.8,"NingBoZhenHai",16000,0,715,67.5,52,1,5,0
"194",2017-07-15,2017-06-22,2017-06-27,2017-03-12,"HuHang","31","0.5W",4142.06,"NingBoHaiZhao",5000,5,715,72.5,58,1,0,0
"195",2017-07-15,2017-06-23,2017-06-28,2017-03-12,"HuHang","54","0.5W",4997.19,"NingBoHaiZhao",5000,5,715,72.5,58,1,0,0
"196",2017-07-15,2017-06-23,2017-06-28,2017-03-12,"HuHang","1","0.5W",4999.06,"NingBoJiangYong",5100,5,715,72.5,58,1,0,0
"197",2017-07-15,2017-06-25,2017-06-30,2017-03-12,"HuHang","55","0.3W",3295.605,"NingBoHaiZhao",5000,5,715,72.5,62,1,0,0
"198",2017-07-15,2017-06-25,2017-06-30,2017-03-12,"HuHang","56","0.5W",4205.488,"JiaoJiangSSZD",5100,5,830,72.5,63,1,5,0
"199",2017-07-15,2017-07-01,2017-07-06,2017-03-12,"HuHang","37","1-1.25W",9891.157,"NingBoZhenHai",16000,0,715,67.5,47,1,0,0
"200",2017-07-15,2017-07-01,2017-07-06,2017-03-12,"HuHang","44","0.5W",4998.882,"NingBoHaiZhao",5000,5,715,72.5,60,1,0,0
"201",2017-07-15,2017-07-01,2017-07-06,2017-03-12,"HuHang","31","0.5W",2547.889,"NingBoHaiZhao",5000,5,715,72.5,63,1,0,4
"202",2017-07-15,2017-07-01,2017-07-06,2017-03-12,"HuHang","31","0.5W",1601.533,"JiaoJiangSSZD",5100,5,830,72.5,63,1,0,4
"203",2017-07-15,2017-07-14,2017-07-19,2017-03-12,"HuHang","21","0.5W",4999.352,"NingBoZhenHai",16000,0,715,67.5,60,1,5,0
"204",2017-07-15,2017-07-08,2017-07-13,2017-03-12,"HuHang","56","0.5W",1593.714,"NingBoHaiZhao",5000,5,715,72.5,60,1,5,0
"205",2017-09-15,2017-07-14,2017-07-19,2017-07-12,"HuHang","12","0.5W",4997.216,"NingBoHaiZhao",5000,5,715,63.3,60,1,0,0
"206",2017-09-15,2017-07-16,2017-07-21,2017-07-12,"HuHang","57","0.5W",4797.22,"NingBoHaiZhao",5000,5,715,63.3,62,1,0,0
"207",2017-09-15,2017-07-23,2017-07-28,2017-07-12,"HuHang","48","0.5W",4926.178,"JiaoJiangSSZD",5100,5,830,63.3,63,1,0,0
"208",2017-09-15,2017-07-20,2017-07-25,2017-07-12,"HuHang","31","0.5W",4147.846,"NingBoHaiZhao",5000,5,715,63.3,60,1,0,0
"209",2017-09-15,2017-07-21,2017-07-26,2017-07-12,"HuHang","37","1-1.25W",9896.377,"NingBoZhenHai",16000,0,715,58.3,45,1,0,0
"210",2017-09-15,2017-07-22,2017-07-27,2017-07-12,"HuHang","21","0.5W",3656.442,"NingBoHaiZhao",5000,5,715,63.3,61,1,0,0
"211",2017-09-15,2017-07-22,2017-07-27,2017-07-12,"HuHang","21","0.5W",1339.33,"NingBoJiangYong",5100,5,715,63.3,61,1,0,0
"212",2017-09-15,2017-07-23,2017-07-28,2017-07-12,"HuHang","34","0.5W",4996.119,"NingBoZhenHai",16000,0,715,58.3,59,1,0,0
"213",2017-09-15,2017-07-30,2017-08-04,2017-07-12,"HuHang","31","0.5W",1704.697,"NingBoZhenHai",16000,0,715,58.3,62,1,0,4
"214",2017-09-15,2017-07-30,2017-08-04,2017-07-12,"HuHang","31","0.5W",2439.813,"JiaoJiangSSZD",5100,5,830,63.3,62,1,0,4
"215",2017-09-15,2017-08-02,2017-08-07,2017-07-12,"HuHang","12","0.5W",3624.378,"NingBoHaiZhao",5000,5,715,63.3,61,1,0,2
"216",2017-09-15,2017-08-02,2017-08-07,2017-07-12,"HuHang","12","0.5W",1370.058,"NingBoZhenHai",16000,0,715,58.3,61,1,0,2
"217",2017-09-15,2017-08-09,2017-08-14,2017-07-12,"HuHang","37","1-1.25W",9882.436,"NingBoZhenHai",16000,0,715,58.3,47,1,5,0
"218",2017-09-15,2017-08-11,2017-08-16,2017-07-12,"HuHang","58","0.5W",1085.447,"NingBoHaiZhao",5000,5,715,63.3,59,1,0,2
"219",2017-09-15,2017-08-11,2017-08-16,2017-07-12,"HuHang","58","0.5W",3311.22,"NingBoJiangYong",5100,5,715,63.3,59,1,0,2
"220",2017-09-15,2017-08-16,2017-08-21,2017-07-12,"HuHang","1","0.5W",4893.862,"NingBoHaiZhao",5000,5,715,63.3,60,1,2,0
"221",2017-09-15,2017-08-16,2017-08-21,2017-07-12,"HuHang","31","0.5W",4146.633,"NingBoZhenHai",16000,0,715,58.3,59,1,0,0
"222",2017-09-15,2017-08-19,2017-08-24,2017-07-12,"HuHang","59","1-1.25W",11496.175,"NingBoZhenHai",16000,0,715,58.3,47,1,0,0
"223",2017-09-15,2017-08-20,2017-08-25,2017-07-12,"HuHang","12","0.5W",4992.439,"NingBoHaiZhao",5000,5,715,63.3,59,1,2,0
"224",2017-09-15,2017-08-23,2017-08-28,2017-07-12,"HuHang","58","0.5W",4402.717,"JiaoJiangSSZD",5100,5,830,63.3,63,1,0,0
"225",2017-09-15,2017-08-27,2017-09-01,2017-07-12,"HuHang","41","0.5W",4992.043,"JiaoJiangSSZD",5100,5,830,63.3,62,1,0,0
"226",2017-09-15,2017-08-24,2017-08-29,2017-07-12,"HuHang","32","1-1.25W",10699.362,"NingBoZhenHai",16000,0,715,58.3,47,1,5,0
"227",2017-09-15,2017-08-25,2017-08-30,2017-07-12,"HuHang","31","0.5W",4145.902,"NingBoHaiZhao",5000,5,715,63.3,59,1,5,0
"228",2017-09-15,2017-08-25,2017-08-30,2017-07-12,"HuHang","21","0.5W",4991.492,"NingBoHaiZhao",5000,5,715,63.3,60,1,0,0
"229",2017-09-15,2017-08-26,2017-08-31,2017-07-12,"HuHang","7","0.5W",4994.3,"NingBoJiangYong",5100,5,715,63.3,60,1,5,0
"230",2017-09-15,2017-08-27,2017-09-01,2017-07-12,"HuHang","34","0.5W",4998.291,"NingBoZhenHai",16000,0,715,58.3,60,1,0,0
"231",2017-09-15,2017-09-03,2017-09-08,2017-07-12,"HuHang","25","0.5W",3762.143,"NingBoZhenHai",16000,0,715,58.3,60,1,5,2
"232",2017-09-15,2017-09-03,2017-09-08,2017-07-12,"HuHang","25","0.5W",1233.513,"NingBoHaiZhao",5000,5,715,63.3,60,1,5,2
"233",2017-09-15,2017-09-07,2017-09-12,2017-07-12,"HuHang","12","0.5W",4997.95,"NingBoJiangYong",5100,5,715,63.3,60,1,0,2
"234",2017-11-15,2017-09-14,2017-09-19,2017-09-11,"HuHang","60","0.5W",4991.49,"NingBoHaiZhao",5000,5,715,58.3,62,1,5,0
"235",2017-11-15,2017-09-17,2017-09-22,2017-09-11,"HuHang","5","0.3W",3349.735,"NingBoHaiZhao",5000,5,715,61.6,63,1,0,0
"236",2017-11-15,2017-09-23,2017-09-28,2017-09-11,"HuHang","7","0.5W",4964.275,"JiaoJiangSSZD",5100,5,830,59.6,73,1,2,0
"237",2017-11-15,2017-09-25,2017-09-30,2017-09-11,"HuHang","52","0.5W",4995.056,"JiaoJiangSSZD",5100,5,830,56.6,73,1,5,0
"238",2017-11-15,2017-09-20,2017-09-25,2017-09-11,"HuHang","56","0.5W",4204.274,"NingBoHaiZhao",5000,5,715,59.6,70,1,2,0
"239",2017-11-15,2017-09-22,2017-09-27,2017-09-11,"HuHang","21","0.5W",4993.436,"NingBoHaiZhao",5000,5,715,59.6,69,1,2,0
"240",2017-11-15,2017-09-22,2017-09-27,2017-09-11,"HuHang","61","0.5W",4011.38,"NingBoJiangYong",5100,5,715,56.6,70,1,5,0
"241",2017-11-15,2017-09-22,2017-09-27,2017-09-11,"HuHang","62","0.5W",2218,"NingBoHuaPu",7500,5,715,59.6,70,1,2,2
"242",2017-11-15,2017-09-22,2017-09-27,2017-09-11,"HuHang","62","0.5W",2778.743,"NingBoHaiZhao",5000,5,715,59.6,70,1,2,2
"243",2017-11-15,2017-09-22,2017-09-27,2017-09-11,"HuHang","63","1-1.25W",9746.705,"NingBoZhenHai",16000,0,715,54.6,58,1,2,0
"244",2017-11-15,2017-09-23,2017-09-28,2017-09-11,"HuHang","64","1-1.25W",11997.755,"NingBoZhenHai",16000,0,715,51.6,57,1,5,0
"245",2017-11-15,2017-10-07,2017-10-12,2017-09-11,"HuHang","34","0.5W",4994.654,"NingBoHaiZhao",5000,5,715,56.6,65,1,5,0
"246",2017-11-15,2017-10-07,2017-10-12,2017-09-11,"HuHang","65","0.5W",4972.904,"NingBoZhenHai",16000,0,715,51.6,72,1,5,0
"247",2017-11-15,2017-10-08,2017-10-13,2017-09-11,"HuHang","60","0.5W",4996.698,"NingBoJiangYong",5100,5,715,61.6,70,1,2,0
"248",2017-11-15,2017-10-13,2017-10-18,2017-09-11,"HuHang","21","0.5W",4999.785,"NingBoHaiZhao",5000,5,715,61.6,75,1,2,0
"249",2017-11-15,2017-10-15,2017-10-20,2017-09-11,"HuHang","66","0.5W",4749.732,"NingBoZhenHai",16000,0,715,54.6,70,1,2,0
"250",2017-11-15,2017-10-20,2017-10-25,2017-09-11,"HuHang","1","0.5W",4874.829,"JiaoJiangSSZD",5100,5,830,61.6,78,1,0,0
"251",2017-11-15,2017-10-22,2017-10-27,2017-09-11,"HuHang","34","0.5W",4998.969,"NingBoHaiZhao",5000,5,715,59.6,70,1,2,0
"252",2017-11-15,2017-10-28,2017-11-02,2017-09-11,"HuHang","61","0.5W",4004.658,"JiaoJiangSSZD",5100,5,830,61.6,82,1,0,0
"253",2017-11-15,2017-10-25,2017-10-30,2017-09-11,"HuHang","67","0.5W",4995.15,"NingBoJiangYong",5100,5,715,61.6,78,1,0,0
"254",2017-11-15,2017-10-26,2017-10-31,2017-09-11,"HuHang","21","0.5W",4991.385,"NingBoHaiZhao",5000,5,715,56.6,82,1,2,0
"255",2017-11-15,2017-10-25,2017-10-30,2017-09-11,"HuHang","30","1.3-1.5W",13094.489,"NingBoZhenHai",16000,0,715,56.6,67.7,1,2,0
"256",2017-11-15,2017-11-01,2017-11-06,2017-09-11,"HuHang","12","0.5W",4534.652,"NingBoZhenHai",16000,0,715,56.6,70,1,0,0
"257",2017-11-15,2017-11-12,2017-11-17,2017-09-11,"HuHang","68","0.5W",4996.76,"NingBoJiangYong",5100,5,715,61.6,78,1,0,0
"258",2017-11-15,2017-11-04,2017-11-09,2017-09-11,"HuHang","51","0.5W",4313.695,"JiaoJiangSSZD",5100,5,830,61.6,82,1,0,0
"259",2018-02-15,2017-11-19,2017-11-24,2017-11-12,"LiXin","39","1.3-1.5W",394.709,"NingBoZhenHai",16000,0,715,94.7,70,1,0,0
"260",2018-02-15,2017-11-19,2017-11-24,2017-11-12,"LiXin","39","1.3-1.5W",2007.484,"NingBoZhenHai",16000,0,715,91.7,70,1,0,0
"261",2018-02-15,2017-11-19,2017-11-24,2017-11-12,"LiXin","39","1.3-1.5W",4778.936,"NingBoZhenHai",16000,0,715,89.7,70,1,0,0
"262",2018-02-15,2017-11-19,2017-11-24,2017-11-12,"LiXin","39","1.3-1.5W",4070.71,"NingBoJiangYong",5100,5,715,94.7,70,1,0,0
"263",2018-02-15,2017-11-19,2017-11-24,2017-11-12,"LiXin","39","1.3-1.5W",2348.678,"NingBoHaiZhao",5000,5,715,99.7,70,1,0,0
"264",2018-02-15,2017-11-22,2017-11-27,2017-11-12,"LiXin","16","0.5W",4968.122,"JiaoJiangSSZD",5100,5,830,99.7,108,1,0,0
"265",2018-02-15,2017-11-23,2017-11-28,2017-11-12,"LiXin","12","0.5W",1034.77,"XiangShan",5000,5,750,94.7,90.4,1,2,0
"266",2018-02-15,2017-11-23,2017-11-28,2017-11-12,"LiXin","12","0.5W",487.978,"NingBoHaiZhao",5000,5,715,99.7,90.4,1,2,0
"267",2018-02-15,2017-11-23,2017-11-28,2017-11-12,"LiXin","12","0.5W",3472.084,"NingBoHaiZhao",5000,5,715,94.7,90.4,1,2,0
"268",2018-02-15,2017-12-01,2017-12-06,2017-11-12,"LiXin","34","0.5W",4981.49,"NingBoHuaPu",7500,5,715,94.7,87.2,1,0,0
"269",2018-02-15,2017-12-03,2017-12-08,2017-11-12,"LiXin","12","0.5W",3569.133,"NingBoHaiZhao",5000,5,715,99.7,90.4,1,0,0
"270",2018-02-15,2017-12-03,2017-12-08,2017-11-12,"LiXin","12","0.5W",1413.534,"NingBoHaiZhao",5000,5,715,94.7,90.4,1,0,0
"271",2018-02-15,2017-12-01,2017-12-06,2017-11-12,"LiXin","37","1-1.25W",837.63,"NingBoZhenHai",16000,0,715,91.7,80,1,0,0
"272",2018-02-15,2017-12-01,2017-12-06,2017-11-12,"LiXin","37","1-1.25W",9111.066,"NingBoZhenHai",16000,0,715,89.7,80,1,0,0
"273",2018-02-15,2017-12-06,2017-12-11,2017-11-12,"LiXin","16","0.5W",4574.332,"JiaoJiangSSZD",5100,5,830,99.7,100,1,0,0
"274",2018-02-15,2017-12-06,2017-12-11,2017-11-12,"LiXin","16","0.5W",391.94,"JiaoJiangSSZD",5100,5,830,94.7,100,1,0,0
"275",2018-02-15,2017-12-13,2017-12-18,2017-11-12,"LiXin","69","1.3-1.5W",5566.829,"NingBoZhenHai",16000,0,715,89.7,64,1,0,0
"276",2018-02-15,2017-12-13,2017-12-18,2017-11-12,"LiXin","69","1.3-1.5W",2784.88,"NingBoHuaPu",7500,5,715,94.7,64,1,0,0
"277",2018-02-15,2017-12-13,2017-12-18,2017-11-12,"LiXin","69","1.3-1.5W",5606.514,"NingBoHaiZhao",5000,5,715,99.7,64,1,0,0
"278",2018-02-15,2017-12-13,2017-12-18,2017-11-12,"LiXin","69","1.3-1.5W",1542.6,"XiangShan",5000,5,750,94.7,64,1,0,0
"279",2018-02-15,2017-12-18,2017-12-23,2017-11-12,"LiXin","62","0.5W",1599.308,"NingBoHaiZhao",5000,5,715,99.7,105,1,2,0
"280",2018-02-15,2017-12-18,2017-12-23,2017-11-12,"LiXin","62","0.5W",3396.338,"NingBoHaiZhao",5000,5,715,94.7,105,1,2,0
"281",2018-02-15,2017-12-20,2017-12-25,2017-11-12,"LiXin","70","0.5W",39.82,"NingBoHuaPu",7500,5,715,94.7,104.3,1,0,0
"282",2018-02-15,2017-12-20,2017-12-25,2017-11-12,"LiXin","70","0.5W",4857.28,"NingBoJiangYong",5100,5,715,94.7,104.3,1,0,0
"283",2018-02-15,2017-12-24,2017-12-29,2017-11-12,"LiXin","68","0.5W",659.507,"NingBoHaiZhao",5000,5,715,99.7,101.1,1,0,0
"284",2018-02-15,2017-12-24,2017-12-29,2017-11-12,"LiXin","68","0.5W",4334.936,"NingBoHaiZhao",5000,5,715,94.7,101.1,1,0,0
"285",2018-02-15,2017-12-24,2017-12-29,2017-11-12,"LiXin","12","0.5W",2714.784,"JiaoJiangSSZD",5100,5,830,99.7,106.4,1,0,0
"286",2018-02-15,2017-12-24,2017-12-29,2017-11-12,"LiXin","12","0.5W",716.801,"JiaoJiangSSZD",5100,5,830,96.7,106.4,1,0,0
"287",2018-02-15,2017-12-24,2017-12-29,2017-11-12,"LiXin","12","0.5W",1564.13,"JiaoJiangSSZD",5100,5,830,94.7,106.4,1,0,0
"288",2018-02-15,2017-12-24,2017-12-29,2017-11-12,"LiXin","34","0.5W",4994.85,"NingBoJiangYong",5100,5,715,94.7,87.2,1,0,0
"289",2018-02-15,2017-12-24,2017-12-29,2017-11-12,"LiXin","71","0.5W",43.571,"JiaoJiangSSZD",5100,5,830,96.7,114.9,1,0,0
"290",2018-02-15,2017-12-24,2017-12-29,2017-11-12,"LiXin","71","0.5W",254.174,"JiaoJiangSSZD",5100,5,830,94.7,114.9,1,0,0
"291",2018-02-15,2017-12-24,2017-12-29,2017-11-12,"LiXin","72","1.3-1.5W",141.941,"NingBoZhenHai",16000,0,715,94.7,83,1,2,0
"292",2018-02-15,2017-12-24,2017-12-29,2017-11-12,"LiXin","72","1.3-1.5W",2311.749,"NingBoZhenHai",16000,0,715,91.7,83,1,2,0
"293",2018-02-15,2017-12-24,2017-12-29,2017-11-12,"LiXin","72","1.3-1.5W",9036.005,"NingBoZhenHai",16000,0,715,89.7,83,1,2,0
"294",2018-02-15,2017-12-24,2017-12-29,2017-11-12,"LiXin","72","1.3-1.5W",2742.886,"NingBoHaiZhao",5000,5,715,99.7,83,1,2,0
"295",2018-02-15,2017-12-24,2017-12-29,2017-11-12,"LiXin","73","1-1.25W",2764.88,"NingBoZhenHai",16000,0,715,89.7,74.7,1,0,0
"296",2018-02-15,2017-12-24,2017-12-29,2017-11-12,"LiXin","73","1-1.25W",663.33,"NingBoZhenHai",16000,0,715,91.7,74.7,1,0,0
"297",2018-02-15,2017-12-24,2017-12-29,2017-11-12,"LiXin","73","1-1.25W",1646.711,"NingBoZhenHai",16000,0,715,94.7,74.7,1,0,0
"298",2018-02-15,2017-12-24,2017-12-29,2017-11-12,"LiXin","73","1-1.25W",3314.32,"NingBoJiangYong",5100,5,715,94.7,74.7,1,0,0
"299",2018-02-15,2017-12-24,2017-12-29,2017-11-12,"LiXin","73","1-1.25W",1700.753,"NingBoHaiZhao",5000,5,715,99.7,74.7,1,0,0
"300",2018-02-15,2017-12-31,2018-01-05,2017-11-12,"LiXin","74","1-1.25W",646.58,"NingBoZhenHai",16000,0,715,89.7,74.5,1,0,0
"301",2018-02-15,2017-12-31,2018-01-05,2017-11-12,"LiXin","74","1-1.25W",564.479,"NingBoZhenHai",16000,0,715,91.7,74.5,1,0,0
"302",2018-02-15,2017-12-29,2018-01-03,2017-11-12,"LiXin","70","0.5W",4328.815,"JiaoJiangSSZD",5100,5,830,99.7,106.4,1,0,0
"303",2018-02-15,2017-12-29,2018-01-03,2017-11-12,"LiXin","70","0.5W",257.114,"JiaoJiangBaDa",5100,5,830,94.7,106.4,1,0,0
"304",2018-02-15,2017-12-29,2018-01-03,2017-11-12,"LiXin","70","0.5W",179.508,"JiaoJiangBaDa",5100,5,830,96.7,106.4,1,0,0
"305",2018-02-15,2017-12-29,2018-01-03,2017-11-12,"LiXin","70","0.5W",117.822,"JiaoJiangBaDa",5100,5,830,99.7,106.4,1,0,0
"306",2018-02-15,2018-01-03,2018-01-08,2017-11-12,"LiXin","34","0.5W",2052.125,"NingBoHaiZhao",5000,5,715,94.7,87.2,1,0,0
"307",2018-02-15,2018-01-03,2018-01-08,2017-11-12,"LiXin","34","0.5W",2945.641,"NingBoHaiZhao",5000,5,715,99.7,87.2,1,0,0
"308",2018-02-15,2018-01-07,2018-01-12,2017-11-12,"LiXin","12","0.5W",1166.742,"NingBoZhenHai",16000,0,715,89.7,94.4,1,0,0
"309",2018-02-15,2018-01-07,2018-01-12,2017-11-12,"LiXin","12","0.5W",467.109,"NingBoZhenHai",16000,0,715,91.7,94.4,1,0,0
"310",2018-02-15,2018-01-07,2018-01-12,2017-11-12,"LiXin","12","0.5W",359.235,"NingBoZhenHai",16000,0,715,94.7,94.4,1,0,0
"311",2018-02-15,2018-01-07,2018-01-12,2017-11-12,"LiXin","12","0.5W",1161.036,"NingBoHaiZhao",5000,5,715,99.7,94.4,1,0,0
"312",2018-02-15,2018-01-07,2018-01-12,2017-11-12,"LiXin","12","0.5W",109.78,"NingBoHuaPu",7500,5,715,94.7,94.4,1,0,0
"313",2018-02-15,2018-01-07,2018-01-12,2017-11-12,"LiXin","12","0.5W",1733.79,"NingBoJiangYong",5100,5,715,94.7,94.4,1,0,0
"314",2018-02-15,2018-01-11,2018-01-16,2017-11-12,"LiXin","75","1-1.25W",754.61,"YuHuan",20000,13,875,106,100,1,0,0
"315",2018-02-15,2018-01-14,2018-01-19,2017-11-12,"LiXin","71","0.5W",3291.61,"XiangShan",5000,5,750,98,100,1,0,0
"316",2018-02-15,2018-01-16,2018-01-21,2017-11-12,"LiXin","12","0.5W",4993.59,"NingBoJiangYong",5100,5,715,93,93.6,1,0,0
"317",2018-02-15,2018-01-20,2018-01-25,2017-11-12,"LiXin","32","1-1.25W",3500.515,"NingBoZhenHai",16000,0,715,93,74,1,0,0
"318",2018-02-15,2018-01-20,2018-01-25,2017-11-12,"LiXin","32","1-1.25W",1741.92,"NingBoZhenHai",16000,0,715,95,74,1,0,0
"319",2018-02-15,2018-01-20,2018-01-25,2017-11-12,"LiXin","34","0.5W",4824.09,"NingBoHaiZhao",5000,5,715,98,87.2,1,2,0
"320",2018-02-15,2018-01-20,2018-01-25,2017-11-12,"LiXin","34","0.5W",171.914,"NingBoHaiZhao",5000,5,715,103,87.2,1,2,0
"321",2018-02-15,2018-01-24,2018-01-29,2017-11-12,"LiXin","16","0.5W",4966.438,"JiaoJiangSSZD",5100,5,830,103,94,1,0,0
"322",2018-02-15,2018-01-24,2018-01-29,2017-11-12,"LiXin","76","1.3-1.5W",3787.018,"NingBoZhenHai",16000,0,715,93,66,1,0,0
"323",2018-02-15,2018-01-24,2018-01-29,2017-11-12,"LiXin","76","1.3-1.5W",604.811,"NingBoZhenHai",16000,0,715,95,66,1,0,0
"324",2018-02-15,2018-01-24,2018-01-29,2017-11-12,"LiXin","76","1.3-1.5W",835.009,"NingBoZhenHai",16000,0,715,98,66,1,0,0
"325",2018-02-15,2018-01-24,2018-01-29,2017-11-12,"LiXin","76","1.3-1.5W",4866.175,"NingBoHaiZhao",5000,5,715,103,66,1,0,0
"326",2018-02-15,2018-01-24,2018-01-29,2017-11-12,"LiXin","76","1.3-1.5W",1794.82,"NingBoHuaPu",7500,5,715,98,66,1,0,0
"327",2018-02-15,2018-01-24,2018-01-29,2017-11-12,"LiXin","76","1.3-1.5W",1351.87,"NingBoJiangYong",5100,5,715,98,66,1,0,0
"328",2018-02-15,2018-01-26,2018-01-31,2017-11-12,"LiXin","31","0.5W",1141.486,"JiaoJiangBaDa",5100,5,830,98,90,1,0,0
"329",2018-02-15,2018-01-26,2018-01-31,2017-11-12,"LiXin","31","0.5W",2269.47,"JiaoJiangDaHua",5100,5,830,103,90,1,0,0
"330",2018-02-15,2018-01-26,2018-01-31,2017-11-12,"LiXin","31","0.5W",693.609,"JiaoJiangSSZD",5100,5,830,103,90,1,0,0
"331",2018-02-15,2018-02-01,2018-02-06,2017-11-12,"LiXin","39","1.3-1.5W",5420.965,"NingBoZhenHai",16000,0,715,93,62,1,0,0
"332",2018-02-15,2018-02-01,2018-02-06,2017-11-12,"LiXin","39","1.3-1.5W",1689.366,"NingBoZhenHai",16000,0,715,95,62,1,0,0
"333",2018-02-15,2018-02-01,2018-02-06,2017-11-12,"LiXin","39","1.3-1.5W",3603.638,"NingBoZhenHai",16000,0,715,98,62,1,0,0
"334",2018-02-15,2018-02-01,2018-02-06,2017-11-12,"LiXin","39","1.3-1.5W",235.48,"NingBoHaiZhao",5000,5,715,100,62,1,0,0
"335",2018-02-15,2018-02-01,2018-02-06,2017-11-12,"LiXin","39","1.3-1.5W",2687.99,"NingBoJiangYong",5100,5,715,98,62,1,0,0
"336",2018-02-15,2018-02-08,2018-02-13,2017-11-12,"LiXin","77","0.5W",146.706,"JiaoJiangBaDa",5100,5,830,103,70.2,1,5,0
"337",2018-02-15,2018-02-08,2018-02-13,2017-11-12,"LiXin","77","0.5W",1293.482,"JiaoJiangBaDa",5100,5,830,100,70.2,1,5,0
"338",2018-02-15,2018-02-08,2018-02-13,2017-11-12,"LiXin","77","0.5W",692.451,"JiaoJiangDaHua",5100,5,830,103,70.2,1,5,0
"339",2018-02-15,2018-02-08,2018-02-13,2017-11-12,"LiXin","77","0.5W",2474.686,"JiaoJiangSSZD",5100,5,830,103,70.2,1,5,0
"340",2018-02-15,2018-02-09,2018-02-14,2017-11-12,"LiXin","78","0.7W",1169.452,"NingBoZhenHai",16000,0,715,93,68.1,1,0,0
"341",2018-02-15,2018-02-09,2018-02-14,2017-11-12,"LiXin","78","0.7W",2517.14,"NingBoJiangYong",5100,5,715,98,68.1,1,0,0
"342",2018-02-15,2018-02-09,2018-02-14,2017-11-12,"LiXin","78","0.7W",2888.786,"YuHuan",20000,13,875,106,68.1,1,0,0
"343",2018-02-15,2018-02-09,2018-02-14,2017-11-12,"LiXin","78","0.7W",1171.793,"YuHuan",20000,13,875,108,68.1,1,0,0
"344",2018-04-16,2018-02-17,2018-02-22,2018-02-12,"LiXin","34","0.5W",667.812,"NingBoHaiZhao",5000,5,715,103,85.1,1,0,0
"345",2018-04-16,2018-02-17,2018-02-22,2018-02-12,"LiXin","34","0.5W",61.7,"NingBoHaiZhao",5000,5,715,100,85.1,1,0,0
"346",2018-04-16,2018-02-17,2018-02-22,2018-02-12,"LiXin","34","0.5W",4030.563,"NingBoHaiZhao",5000,5,715,98,85.1,1,0,0
"347",2018-04-16,2018-02-17,2018-02-22,2018-02-12,"LiXin","34","0.5W",236.81,"NingBoBaoDa",5000,5,715,98,85.1,1,0,0
"348",2018-04-16,2018-02-17,2018-02-22,2018-02-12,"LiXin","79","1-1.25W",1432.707,"NingBoZhenHai",16000,0,715,98,42.6,1,0,0
"349",2018-04-16,2018-02-17,2018-02-22,2018-02-12,"LiXin","79","1-1.25W",5133.592,"NingBoZhenHai",16000,0,715,93,42.6,1,0,0
"350",2018-04-16,2018-02-17,2018-02-22,2018-02-12,"LiXin","79","1-1.25W",3285.606,"NingBoZhenHai",16000,0,715,95,42.6,1,0,0
"351",2018-04-16,2018-02-22,2018-02-27,2018-02-12,"LiXin","12","0.5W",4240.65,"NingBoHaiZhao",5000,5,715,98,93.6,1,0,0
"352",2018-04-16,2018-02-22,2018-02-27,2018-02-12,"LiXin","12","0.5W",755.758,"NingBoHaiZhao",5000,5,715,103,93.6,1,0,0
"353",2018-04-16,2018-02-23,2018-02-28,2018-02-12,"LiXin","80","0.5W",4993.322,"JiaoJiangSSZD",5100,5,830,103,69.1,1,0,0
"354",2018-04-16,2018-02-23,2018-02-28,2018-02-12,"LiXin","81","1.3-1.5W",7983.189,"NingBoZhenHai",16000,0,715,93,45,1,0,0
"355",2018-04-16,2018-02-23,2018-02-28,2018-02-12,"LiXin","81","1.3-1.5W",1093.492,"NingBoZhenHai",16000,0,715,95,45,1,0,0
"356",2018-04-16,2018-02-23,2018-02-28,2018-02-12,"LiXin","81","1.3-1.5W",1315.466,"NingBoZhenHai",16000,0,715,98,45,1,0,0
"357",2018-04-16,2018-02-23,2018-02-28,2018-02-12,"LiXin","81","1.3-1.5W",2527.52,"NingBoHuaPu",7500,5,715,98,45,1,0,0
"358",2018-04-16,2018-02-23,2018-02-28,2018-02-12,"LiXin","81","1.3-1.5W",372.2,"NingBoJiangYong",5100,5,715,98,45,1,0,0
"359",2018-04-16,2018-02-28,2018-03-05,2018-02-12,"LiXin","82","0.5W",2801.264,"NingBoHaiZhao",5000,5,715,98,85.1,1,2,0
"360",2018-04-16,2018-02-28,2018-03-05,2018-02-12,"LiXin","82","0.5W",2191.1,"NingBoHaiZhao",5000,5,715,103,85.1,1,2,0
"361",2018-04-16,2018-03-04,2018-03-09,2018-02-12,"LiXin","12","0.5W",921.596,"JiaoJiangBaDa",5100,5,830,98,101.9,1,0,0
"362",2018-04-16,2018-03-04,2018-03-09,2018-02-12,"LiXin","12","0.5W",818.57,"JiaoJiangDaHua",5100,5,830,103,101.9,1,0,0
"363",2018-04-16,2018-03-04,2018-03-09,2018-02-12,"LiXin","12","0.5W",3253.18,"JiaoJiangZaiDong",5100,5,830,103,101.9,1,0,0
"364",2018-04-16,2018-03-04,2018-03-09,2018-02-12,"LiXin","39","1.3-1.5W",7777.567,"NingBoZhenHai",16000,0,715,93,47,1,0,0
"365",2018-04-16,2018-03-04,2018-03-09,2018-02-12,"LiXin","39","1.3-1.5W",1114.173,"NingBoZhenHai",16000,0,715,98,47,1,0,0
"366",2018-04-16,2018-03-04,2018-03-09,2018-02-12,"LiXin","39","1.3-1.5W",722.734,"NingBoZhenHai",16000,0,715,95,47,1,0,0
"367",2018-04-16,2018-03-04,2018-03-09,2018-02-12,"LiXin","39","1.3-1.5W",197.2,"NingBoBLYG",7500,5,715,98,47,1,0,0
"368",2018-04-16,2018-03-04,2018-03-09,2018-02-12,"LiXin","39","1.3-1.5W",3319.529,"NingBoHaiZhao",5000,5,715,103,47,1,0,0
"369",2018-04-16,2018-03-04,2018-03-09,2018-02-12,"LiXin","39","1.3-1.5W",440.86,"NingBoHuaPu",7500,5,715,98,47,1,0,0
"370",2018-04-16,2018-03-04,2018-03-09,2018-02-12,"LiXin","39","1.3-1.5W",61.11,"NingBoJiangYong",5100,5,715,98,47,1,0,0
"371",2018-04-16,2018-03-08,2018-03-13,2018-02-12,"LiXin","83","1.3-1.5W",1830.432,"YuHuan",20000,13,875,106,80,1,0,0
"372",2018-04-16,2018-03-08,2018-03-13,2018-02-12,"LiXin","83","1.3-1.5W",593.978,"YuHuan",20000,13,875,108,82.5,1,0,0
"373",2018-04-16,2018-03-14,2018-03-19,2018-02-12,"LiXin","82","0.5W",3166.392,"NingBoHaiZhao",5000,5,715,98,85.1,1,5,0
"374",2018-04-16,2018-03-14,2018-03-19,2018-02-12,"LiXin","82","0.5W",1831.487,"NingBoHaiZhao",5000,5,715,103,85.1,1,5,0
"375",2018-04-16,2018-03-17,2018-03-22,2018-02-12,"LiXin","74","1-1.25W",565.031,"NingBoZhenHai",16000,0,715,93,50.5,1,0,0
"376",2018-04-16,2018-03-16,2018-03-21,2018-02-12,"LiXin","84","1-1.25W",4839.807,"NingBoZhenHai",16000,0,715,93,43.6,1,0,0
"377",2018-04-16,2018-03-16,2018-03-21,2018-02-12,"LiXin","84","1-1.25W",30.7,"NingBoZhenHai",16000,0,715,98,43.6,1,0,0
"378",2018-04-16,2018-03-16,2018-03-21,2018-02-12,"LiXin","84","1-1.25W",1227.968,"NingBoZhenHai",16000,0,715,95,43.6,1,0,0
"379",2018-04-16,2018-03-16,2018-03-21,2018-02-12,"LiXin","84","1-1.25W",1972.84,"NingBoBLYG",7500,5,715,98,43.6,1,0,0
"380",2018-04-16,2018-03-16,2018-03-21,2018-02-12,"LiXin","84","1-1.25W",2824.92,"NingBoJiangYong",5100,5,715,98,43.6,1,0,0
"381",2018-04-16,2018-03-23,2018-03-28,2018-02-12,"LiXin","85","0.5W",3173.03,"NingBoZhenHai",16000,0,715,93,45.7,1,0,0
"382",2018-04-16,2018-03-23,2018-03-28,2018-02-12,"LiXin","85","0.5W",380.48,"NingBoZhenHai",16000,0,715,95,45.7,1,0,0
"383",2018-04-16,2018-03-21,2018-03-26,2018-02-12,"LiXin","12","0.5W",1161.012,"NingBoHaiZhao",5000,5,715,103,93.6,1,0,0
"384",2018-04-16,2018-03-21,2018-03-26,2018-02-12,"LiXin","12","0.5W",3837.781,"NingBoHaiZhao",5000,5,715,98,93.6,1,0,0
"385",2018-04-16,2018-03-23,2018-03-28,2018-02-12,"LiXin","82","0.5W",4996.19,"NingBoJiangYong",5100,5,715,98,85.1,1,0,0
"386",2018-04-16,2018-03-24,2018-03-29,2018-02-12,"LiXin","80","0.5W",254.07,"JiaoJiangSSZD",5100,5,830,100,72.3,1,0,0
"387",2018-04-16,2018-03-24,2018-03-29,2018-02-12,"LiXin","80","0.5W",4743.471,"JiaoJiangSSZD",5100,5,830,103,72.3,1,0,0
"388",2018-04-16,2018-03-25,2018-03-30,2018-02-12,"LiXin","39","1.3-1.5W",796.52,"NingBoBLYG",7500,5,715,98,47,1,0,0
"389",2018-04-16,2018-03-25,2018-03-30,2018-02-12,"LiXin","39","1.3-1.5W",1255.95,"NingBoHuaPu",7500,5,715,98,47,1,0,0
"390",2018-04-16,2018-03-25,2018-03-30,2018-02-12,"LiXin","39","1.3-1.5W",1514.323,"NingBoZhenHai",16000,0,715,95,47,1,0,0
"391",2018-04-16,2018-03-25,2018-03-30,2018-02-12,"LiXin","39","1.3-1.5W",8181.454,"NingBoZhenHai",16000,0,715,93,47,1,0,0
"392",2018-04-16,2018-03-25,2018-03-30,2018-02-12,"LiXin","39","1.3-1.5W",1879.27,"NingBoZhenHai",16000,0,715,98,47,1,0,0
"393",2018-04-16,2018-04-04,2018-04-09,2018-02-12,"LiXin","31","0.5W",586.158,"JiaoJiangSSBD",5100,5,830,98,76.5,1,0,0
"394",2018-04-16,2018-04-04,2018-04-09,2018-02-12,"LiXin","31","0.5W",1449.946,"JiaoJiangSSBD",5100,5,830,100,76.5,1,0,0
"395",2018-04-16,2018-04-04,2018-04-09,2018-02-12,"LiXin","31","0.5W",2080.667,"JiaoJiangSSDH",5100,5,830,103,76.5,1,0,0
"396",2018-04-16,2018-04-04,2018-04-09,2018-02-12,"LiXin","12","0.5W",1621.885,"JiaoJiangSSZD",5100,5,830,103,100,1,5,0
"397",2018-04-16,2018-04-04,2018-04-09,2018-02-12,"LiXin","12","0.5W",935.906,"YuHuan",20000,13,875,108,100,1,5,0
"398",2018-04-16,2018-04-04,2018-04-09,2018-02-12,"LiXin","12","0.5W",2437.518,"YuHuan",20000,13,875,106,100,1,5,0
"399",2018-04-16,2018-04-04,2018-04-09,2018-02-12,"LiXin","57","0.5W",1443.599,"NingBoHaiZhao",5000,5,715,103,62,1,0,0
"400",2018-04-16,2018-04-04,2018-04-09,2018-02-12,"LiXin","57","0.5W",3354.539,"NingBoHaiZhao",5000,5,715,98,62,1,0,0
"401",2018-04-16,2018-04-04,2018-04-09,2018-02-12,"LiXin","86","0.5W",1505.01,"NingBoBLYG",7500,5,715,98,62,1,0,0
"402",2018-04-16,2018-04-04,2018-04-09,2018-02-12,"LiXin","86","0.5W",3442.47,"NingBoJiangYong",5100,5,715,98,62,1,0,0
"403",2018-04-16,2018-04-11,2018-04-16,2018-02-12,"LiXin","39","1.3-1.5W",458.4,"NingBoBLYG",7500,5,715,98,47,1,0,0
"404",2018-04-16,2018-04-11,2018-04-16,2018-02-12,"LiXin","39","1.3-1.5W",992.68,"NingBoJiangYong",5100,5,715,98,47,1,0,0
"405",2018-04-16,2018-04-11,2018-04-16,2018-02-12,"LiXin","39","1.3-1.5W",4635.671,"NingBoZhenHai",16000,0,715,98,47,1,0,0
"406",2018-04-16,2018-04-11,2018-04-16,2018-02-12,"LiXin","39","1.3-1.5W",2221.826,"NingBoZhenHai",16000,0,715,95,47,1,0,0
"407",2018-04-16,2018-04-11,2018-04-16,2018-02-12,"LiXin","39","1.3-1.5W",5317.738,"NingBoZhenHai",16000,0,715,93,47,1,0,0
"408",2018-04-16,2018-04-11,2018-04-16,2018-02-12,"LiXin","87","0.5W",2456.53,"NingBoHuaPu",7500,5,715,98,61,1,0,0
"409",2018-04-16,2018-04-11,2018-04-16,2018-02-12,"LiXin","87","0.5W",2542.54,"NingBoJiangYong",5100,5,715,98,61,1,0,0
"410",2018-06-15,2018-04-12,2018-04-17,2018-04-11,"ZhongJi","1","0.5W",4876,"NingBoHaiZhao",5000,5,715,62.3,62,1,0,0
"411",2018-06-15,2018-04-18,2018-04-23,2018-04-11,"ZhongJi","88","0.5W",575.839,"NingBoJiangYong",5100,5,715,67.3,66,1,2,0
"412",2018-06-15,2018-04-18,2018-04-23,2018-04-11,"ZhongJi","88","0.5W",2922.366,"NingBoJiangYong",5100,5,715,62.3,66,1,2,0
"413",2018-06-15,2018-04-18,2018-04-23,2018-04-11,"ZhongJi","25","0.5W",4992.84,"NingBoHaiZhao",5000,5,715,62.3,66,1,0,0
"414",2018-06-15,2018-04-21,2018-04-26,2018-04-11,"ZhongJi","44","0.5W",1415.776,"NingBoJiangYong",5100,5,715,67.3,67,1,2,0
"415",2018-06-15,2018-04-21,2018-04-26,2018-04-11,"ZhongJi","44","0.5W",3575.936,"NingBoJiangYong",5100,5,715,62.3,67,1,2,0
"416",2018-06-15,2018-04-21,2018-04-26,2018-04-11,"ZhongJi","89","1-1.25W",590.679,"NingBoZhenHai",16000,0,715,62.3,53,1,5,0
"417",2018-06-15,2018-04-21,2018-04-26,2018-04-11,"ZhongJi","89","1-1.25W",1088.614,"NingBoZhenHai",16000,0,715,59.3,53,1,5,0
"418",2018-06-15,2018-04-21,2018-04-26,2018-04-11,"ZhongJi","89","1-1.25W",10418.636,"NingBoZhenHai",16000,0,715,57.3,53,1,5,0
"419",2018-06-15,2018-04-23,2018-04-28,2018-04-11,"ZhongJi","25","0.5W",4991.993,"JiaoJiangSSZD",5100,5,830,67.3,71,1,0,0
"420",2018-06-15,2018-04-23,2018-04-28,2018-04-11,"ZhongJi","1","0.5W",3872.502,"JiaoJiangSSZD",5100,5,830,67.3,71,1,0,0
"421",2018-06-15,2018-04-23,2018-04-28,2018-04-11,"ZhongJi","1","0.5W",999.474,"JiaoJiangSSZD",5100,5,830,62.3,71,1,0,0
"422",2018-06-15,2018-05-06,2018-05-11,2018-04-11,"ZhongJi","25","0.5W",2204.334,"JiaoJiangSSZD",5100,5,830,67.3,71,1,0,0
"423",2018-06-15,2018-05-06,2018-05-11,2018-04-11,"ZhongJi","25","0.5W",661.104,"JiaoJiangSSZD",5100,5,830,62.3,71,1,0,0
"424",2018-06-15,2018-05-06,2018-05-11,2018-04-11,"ZhongJi","25","0.5W",106.593,"NingBoHaiZhao",5000,5,715,67.3,67,1,0,0
"425",2018-06-15,2018-05-06,2018-05-11,2018-04-11,"ZhongJi","25","0.5W",2026.917,"NingBoHaiZhao",5000,5,715,62.3,67,1,0,0
"426",2018-06-15,2018-04-27,2018-05-02,2018-04-11,"ZhongJi","67","0.5W",4090.038,"NingBoHaiZhao",5000,5,715,67.3,67,1,0,0
"427",2018-06-15,2018-04-27,2018-05-02,2018-04-11,"ZhongJi","67","0.5W",901.123,"NingBoHaiZhao",5000,5,715,62.3,67,1,0,0
"428",2018-06-15,2018-05-02,2018-05-07,2018-04-11,"ZhongJi","90","0.5W",2052.708,"NingBoZhenHai",16000,0,715,62.3,67,1,0,0
"429",2018-06-15,2018-05-02,2018-05-07,2018-04-11,"ZhongJi","90","0.5W",432.534,"NingBoZhenHai",16000,0,715,60.3,67,1,0,0
"430",2018-06-15,2018-05-02,2018-05-07,2018-04-11,"ZhongJi","90","0.5W",3612.333,"NingBoZhenHai",16000,0,715,57.3,67,1,0,0
"431",2018-06-15,2018-05-03,2018-05-08,2018-04-11,"ZhongJi","7","0.5W",1261.6,"NingBoBLYG",7500,5,715,62.3,66,1,5,0
"432",2018-06-15,2018-05-03,2018-05-08,2018-04-11,"ZhongJi","7","0.5W",2961.75,"NingBoJiangYong",5100,5,715,62.3,66,1,5,0
"433",2018-06-15,2018-05-03,2018-05-08,2018-04-11,"ZhongJi","7","0.5W",541.784,"NingBoHaiZhao",5000,5,715,67.3,66,1,5,0
"434",2018-06-15,2018-05-03,2018-05-08,2018-04-11,"ZhongJi","7","0.5W",231.09,"NingBoHaiZhao",5000,5,715,62.3,66,1,5,0
"435",2018-06-15,2018-05-03,2018-05-08,2018-04-11,"ZhongJi","56","0.5W",320.58,"NingBoZhenHai",16000,0,715,62.3,67,1,5,0
"436",2018-06-15,2018-05-03,2018-05-08,2018-04-11,"ZhongJi","56","0.5W",1109.896,"NingBoZhenHai",16000,0,715,60.3,67,1,5,0
"437",2018-06-15,2018-05-03,2018-05-08,2018-04-11,"ZhongJi","56","0.5W",2744.558,"NingBoZhenHai",16000,0,715,57.3,67,1,5,0
"438",2018-06-15,2018-05-11,2018-05-16,2018-04-11,"ZhongJi","91","1-1.25W",1535.76,"NingBoZhenHai",16000,0,715,62.3,53,1,0,0
"439",2018-06-15,2018-05-11,2018-05-16,2018-04-11,"ZhongJi","91","1-1.25W",1156.034,"NingBoZhenHai",16000,0,715,60.3,53,1,0,0
"440",2018-06-15,2018-05-11,2018-05-16,2018-04-11,"ZhongJi","91","1-1.25W",8409.157,"NingBoZhenHai",16000,0,715,57.3,53,1,0,0
"441",2018-06-15,2018-05-16,2018-05-21,2018-04-11,"ZhongJi","7","0.5W",1638.05,"NingBoBLYG",7500,5,715,62.3,65,1,0,0
"442",2018-06-15,2018-05-16,2018-05-21,2018-04-11,"ZhongJi","7","0.5W",386.69,"NingBoHuaPu",7500,5,715,62.3,65,1,0,0
"443",2018-06-15,2018-05-16,2018-05-21,2018-04-11,"ZhongJi","7","0.5W",2948.81,"NingBoJiangYong",5100,5,715,62.3,65,1,0,0
"444",2018-06-15,2018-05-20,2018-05-25,2018-04-11,"ZhongJi","25","0.5W",2073.087,"NingBoHaiZhao",5000,5,715,62.3,65,1,0,0
"445",2018-06-15,2018-05-20,2018-05-25,2018-04-11,"ZhongJi","25","0.5W",2923.75,"NingBoHaiZhao",5000,5,715,67.3,65,1,0,0
"446",2018-06-15,2018-05-23,2018-05-28,2018-04-11,"ZhongJi","1","0.5W",314.6,"NingBoBLYG",7500,5,715,62.3,65,1,0,0
"447",2018-06-15,2018-05-23,2018-05-28,2018-04-11,"ZhongJi","1","0.5W",2982.809,"NingBoHaiZhao",5000,5,715,67.3,65,1,0,0
"448",2018-06-15,2018-05-23,2018-05-28,2018-04-11,"ZhongJi","1","0.5W",20.538,"NingBoHaiZhao",5000,5,715,62.3,65,1,0,0
"449",2018-06-15,2018-05-23,2018-05-28,2018-04-11,"ZhongJi","1","0.5W",1558.41,"NingBoJiangYong",5100,5,715,62.3,65,1,0,0
"450",2018-06-15,2018-05-23,2018-05-28,2018-04-11,"ZhongJi","41","0.5W",3289.35,"YuHuan",20000,13,875,70.3,73,1,0,0
"451",2018-06-15,2018-05-23,2018-05-28,2018-04-11,"ZhongJi","41","0.5W",1694.572,"YuHuan",20000,13,875,72.3,73,1,0,0
"452",2018-06-15,2018-05-24,2018-05-29,2018-04-11,"ZhongJi","32","1-1.25W",2786.505,"NingBoZhenHai",16000,0,715,62.3,60,1,5,0
"453",2018-06-15,2018-05-24,2018-05-29,2018-04-11,"ZhongJi","32","1-1.25W",7140.981,"NingBoZhenHai",16000,0,715,57.3,60,1,5,0
"454",2018-06-15,2018-05-24,2018-05-29,2018-04-11,"ZhongJi","32","1-1.25W",767.405,"NingBoZhenHai",16000,0,715,59.3,60,1,5,0
"455",2018-06-15,2018-05-26,2018-05-31,2018-04-11,"ZhongJi","92","0.5W",356.1,"NingBoHaiZhao",5000,5,715,62.3,55,1,0,0
"456",2018-06-15,2018-05-26,2018-05-31,2018-04-11,"ZhongJi","92","0.5W",4642.72,"NingBoJiangYong",5100,5,715,62.3,55,1,0,0
"457",2018-06-15,2018-05-23,2018-05-28,2018-04-11,"ZhongJi","44","0.5W",4664.065,"NingBoZhenHai",16000,0,715,57.3,54,1,0,0
"458",2018-06-15,2018-05-23,2018-05-28,2018-04-11,"ZhongJi","44","0.5W",329.473,"NingBoZhenHai",16000,0,715,59.3,54,1,0,0
"459",2018-06-15,2018-05-24,2018-05-29,2018-04-11,"ZhongJi","93","0.5W",5047.49,"JiaoJiangSSZD",5100,5,830,62.3,60,1,0,0
"460",2018-06-15,2018-05-24,2018-05-29,2018-04-11,"ZhongJi","7","0.5W",4981.324,"JiaoJiangSSZD",5100,5,830,67.3,60,1,0,0
"461",2018-06-15,2018-06-03,2018-06-08,2018-04-11,"ZhongJi","94","0.5W",2522.659,"NingBoZhenHai",16000,0,715,59.3,57,1,0,0
"462",2018-06-15,2018-06-03,2018-06-08,2018-04-11,"ZhongJi","94","0.5W",1034.988,"NingBoZhenHai",16000,0,715,62.3,57,1,0,0
"463",2018-06-15,2018-06-03,2018-06-08,2018-04-11,"ZhongJi","94","0.5W",1458.2,"NingBoZhenHai",16000,0,715,57.3,57,1,0,0
"464",2018-06-15,2018-05-31,2018-06-05,2018-04-11,"ZhongJi","95","0.3W",3273.239,"NingBoHaiZhao",5000,5,715,62.3,55,1,0,0
"465",2018-06-15,2018-05-31,2018-06-05,2018-04-11,"ZhongJi","25","0.5W",4999.49,"NingBoJiangYong",5100,5,715,62.3,55,1,0,0
"466",2018-06-15,2018-06-03,2018-06-08,2018-04-11,"ZhongJi","96","0.5W",3849.623,"NingBoZhenHai",16000,0,715,57.3,56,1,5,0
"467",2018-06-15,2018-06-03,2018-06-08,2018-04-11,"ZhongJi","96","0.5W",1156.103,"NingBoZhenHai",16000,0,715,59.3,56,1,5,0
"468",2018-06-15,2018-06-03,2018-06-08,2018-04-11,"ZhongJi","44","0.5W",1825.25,"JiaoJiangSSZD",5100,5,830,62.3,65,1,0,0
"469",2018-06-15,2018-06-03,2018-06-08,2018-04-11,"ZhongJi","44","0.5W",3153.295,"JiaoJiangSSZD",5100,5,830,67.3,65,1,0,0
"470",2018-06-15,2018-06-03,2018-06-08,2018-04-11,"ZhongJi","7","0.5W",1393.83,"NingBoHuaPu",7500,5,715,62.3,60,1,0,0
"471",2018-06-15,2018-06-03,2018-06-08,2018-04-11,"ZhongJi","7","0.5W",3603.4,"NingBoJiangYong",5100,5,715,62.3,60,1,0,0
"472",2018-06-15,2018-06-08,2018-06-13,2018-04-11,"ZhongJi","25","0.5W",2925.728,"NingBoZhenHai",16000,0,715,57.3,58,1,0,0
"473",2018-06-15,2018-06-08,2018-06-13,2018-04-11,"ZhongJi","25","0.5W",866.206,"NingBoZhenHai",16000,0,715,62.3,58,1,0,0
"474",2018-06-15,2018-06-08,2018-06-13,2018-04-11,"ZhongJi","25","0.5W",1202.883,"NingBoZhenHai",16000,0,715,59.3,58,1,0,0
"475",2018-06-15,2018-06-10,2018-06-15,2018-04-11,"ZhongJi","97","0.3W",1560.78,"NingBoBLYG",7500,5,715,62.3,58,1,0,0
"476",2018-06-15,2018-06-10,2018-06-15,2018-04-11,"ZhongJi","97","0.3W",1103.26,"NingBoJiangYong",5100,5,715,62.3,58,1,0,0
"477",2018-06-15,2018-06-10,2018-06-15,2018-04-11,"ZhongJi","97","0.3W",852.64,"NingBoZhenHai",16000,0,715,59.3,58,1,0,0
"478",2018-06-15,2018-06-10,2018-06-15,2018-04-11,"ZhongJi","1","0.5W",1552.561,"NingBoHaiZhao",5000,5,715,62.3,58,1,5,0
"479",2018-06-15,2018-06-10,2018-06-15,2018-04-11,"ZhongJi","1","0.5W",1638.371,"NingBoZhenHai",16000,0,715,59.3,58,1,5,0
"480",2018-06-15,2018-06-10,2018-06-15,2018-04-11,"ZhongJi","1","0.5W",1686.58,"NingBoZhenHai",16000,0,715,57.3,58,1,5,0
"481",2018-08-15,2018-06-17,2018-06-22,2018-06-12,"LiXin","12","0.5W",1771.94,"NingBoBLYG",7500,5,715,60,60,1,0,0
"482",2018-08-15,2018-06-17,2018-06-22,2018-06-12,"LiXin","12","0.5W",3225.38,"NingBoJiangYong",5100,5,715,60,60,1,0,0
"483",2018-08-15,2018-06-21,2018-06-26,2018-06-12,"LiXin","25","0.5W",1691.906,"NingBoHaiZhao",5000,5,715,65,57,1,0,0
"484",2018-08-15,2018-06-21,2018-06-26,2018-06-12,"LiXin","25","0.5W",3304.991,"NingBoHaiZhao",5000,5,715,60,57,1,0,0
"485",2018-08-15,2018-06-21,2018-06-26,2018-06-12,"LiXin","78","0.7W",421.79,"NingBoBLYG",7500,5,715,60,58.4,1,0,0
"486",2018-08-15,2018-06-21,2018-06-26,2018-06-12,"LiXin","78","0.7W",3130.25,"NingBoJiangYong",5100,5,715,60,58.4,1,0,0
"487",2018-08-15,2018-06-21,2018-06-26,2018-06-12,"LiXin","78","0.7W",1073.138,"YuHuan",20000,13,875,70,58.4,1,0,0
"488",2018-08-15,2018-06-21,2018-06-26,2018-06-12,"LiXin","78","0.7W",2081.314,"YuHuan",20000,13,875,68,58.4,1,0,0
"489",2018-08-15,2018-06-28,2018-07-03,2018-06-12,"LiXin","98","0.5W",3416.778,"NingBoZhenHai",16000,0,715,55,52,1,0,0
"490",2018-08-15,2018-06-28,2018-07-03,2018-06-12,"LiXin","98","0.5W",1198.222,"NingBoZhenHai",16000,0,715,57,52,1,0,0
"491",2018-08-15,2018-06-28,2018-07-03,2018-06-12,"LiXin","25","0.5W",3860.467,"NingBoHaiZhao",5000,5,715,60,52,1,0,0
"492",2018-08-15,2018-06-28,2018-07-03,2018-06-12,"LiXin","25","0.5W",1137.7,"NingBoJiangYong",5100,5,715,60,57,1,0,0
"493",2018-08-15,2018-07-05,2018-07-10,2018-06-12,"LiXin","99","1.3-1.5W",174.24,"NingBoBLYG",7500,5,715,60,42,1,2,0
"494",2018-08-15,2018-07-05,2018-07-10,2018-06-12,"LiXin","99","1.3-1.5W",641.95,"NingBoHuaPu",7500,5,715,60,42,1,2,0
"495",2018-08-15,2018-07-05,2018-07-10,2018-06-12,"LiXin","99","1.3-1.5W",2338.46,"NingBoJiangYong",5100,5,715,60,42,1,2,0
"496",2018-08-15,2018-07-05,2018-07-10,2018-06-12,"LiXin","99","1.3-1.5W",928.854,"NingBoZhenHai",16000,0,715,57,42,1,2,0
"497",2018-08-15,2018-07-05,2018-07-10,2018-06-12,"LiXin","99","1.3-1.5W",2379.956,"NingBoZhenHai",16000,0,715,60,42,1,2,0
"498",2018-08-15,2018-07-05,2018-07-10,2018-06-12,"LiXin","99","1.3-1.5W",2896.572,"NingBoZhenHai",16000,0,715,55,42,1,2,0
"499",2018-08-15,2018-07-12,2018-07-17,2018-06-12,"LiXin","100","0.3W",594.872,"JiaoJiang",5100,5,830,60,81.7,1,0,0
"500",2018-08-15,2018-07-12,2018-07-17,2018-06-12,"LiXin","100","0.3W",1832.713,"JiaoJiang",5100,5,830,65,81.7,1,0,0
"501",2018-08-15,2018-07-12,2018-07-17,2018-06-12,"LiXin","100","0.3W",770.717,"JiaoJiang",5100,5,830,62,81.7,1,0,0
"502",2018-08-15,2018-07-13,2018-07-18,2018-06-12,"LiXin","82","0.5W",3076.4,"NingBoJiangYong",5100,5,715,60,59.4,1,0,0
"503",2018-08-15,2018-07-13,2018-07-18,2018-06-12,"LiXin","82","0.5W",1919.94,"YuHuan",20000,13,875,68,59.4,1,0,0
"504",2018-08-15,2018-07-15,2018-07-20,2018-06-12,"LiXin","12","0.5W",1090.084,"NingBoHaiZhao",5000,5,715,65,60,1,0,0
"505",2018-08-15,2018-07-15,2018-07-20,2018-06-12,"LiXin","12","0.5W",3705.792,"NingBoHaiZhao",5000,5,715,60,60,1,0,0
"506",2018-08-15,2018-07-15,2018-07-20,2018-06-12,"LiXin","12","0.5W",199.85,"NingBoJiangYong",5100,5,715,60,60,1,0,0
"507",2018-08-15,2018-07-15,2018-07-20,2018-06-12,"LiXin","45","1.6-1.8W",1996.571,"NingBoZhenHai",16000,0,715,57,48.3,1,0,0
"508",2018-08-15,2018-07-22,2018-07-27,2018-06-12,"LiXin","82","0.5W",1554.45,"NingBoHuaPu",7500,5,715,60,65.8,1,2,0
"509",2018-08-15,2018-07-22,2018-07-27,2018-06-12,"LiXin","82","0.5W",3444.92,"NingBoJiangYong",5100,5,715,60,65.8,1,2,0
"510",2018-08-15,2018-07-22,2018-07-27,2018-06-12,"LiXin","25","0.5W",2662.441,"JiaoJiang",5100,5,830,65,60,1,0,0
"511",2018-08-15,2018-07-22,2018-07-27,2018-06-12,"LiXin","25","0.5W",2332.56,"JiaoJiang",5100,5,830,60,60,1,0,0
"512",2018-08-15,2018-07-22,2018-07-27,2018-06-12,"LiXin","27","0.5W",484.446,"JiaoJiang",5100,5,830,60,70.1,1,0,0
"513",2018-08-15,2018-07-26,2018-07-31,2018-06-12,"LiXin","39","1.3-1.5W",176.641,"NingBoZhenHai",16000,0,715,60,48,1,0,0
"514",2018-08-15,2018-07-26,2018-07-31,2018-06-12,"LiXin","39","1.3-1.5W",12867.788,"NingBoZhenHai",16000,0,715,55,48,1,0,0
"515",2018-08-15,2018-07-26,2018-07-31,2018-06-12,"LiXin","39","1.3-1.5W",592.993,"NingBoZhenHai",16000,0,715,57,48,1,0,0
"516",2018-08-15,2018-07-29,2018-08-03,2018-06-12,"LiXin","101","0.5W",1628.342,"JiaoJiang",5100,5,830,60,75.4,1,2,0
"517",2018-08-15,2018-07-29,2018-08-03,2018-06-12,"LiXin","101","0.5W",1529.071,"JiaoJiang",5100,5,830,65,75.4,1,2,0
"518",2018-08-15,2018-07-29,2018-08-03,2018-06-12,"LiXin","101","0.5W",411.223,"YuHuan",20000,13,875,70,75.4,1,2,0
"519",2018-08-15,2018-07-29,2018-08-03,2018-06-12,"LiXin","101","0.5W",1478.224,"YuHuan",20000,13,875,68,75.4,1,2,0
"520",2018-08-15,2018-08-05,2018-08-10,2018-06-12,"LiXin","32","1-1.25W",951.85,"NingBoHuaPu",7500,5,715,60,53,1,5,0
"521",2018-08-15,2018-08-05,2018-08-10,2018-06-12,"LiXin","32","1-1.25W",1614.19,"NingBoJiangYong",5100,5,715,60,53,1,5,0
"522",2018-08-15,2018-08-05,2018-08-10,2018-06-12,"LiXin","32","1-1.25W",6057.5,"NingBoZhenHai",16000,0,715,55,53,1,5,0
"523",2018-08-15,2018-08-05,2018-08-10,2018-06-12,"LiXin","32","1-1.25W",1158.89,"NingBoZhenHai",16000,0,715,60,53,1,5,0
"524",2018-08-15,2018-08-05,2018-08-10,2018-06-12,"LiXin","32","1-1.25W",887.659,"NingBoZhenHai",16000,0,715,57,53,1,5,0
"525",2018-08-15,2018-08-05,2018-08-10,2018-06-12,"LiXin","12","0.5W",541.601,"JiaoJiang",5100,5,830,62,64,1,0,0
"526",2018-08-15,2018-08-05,2018-08-10,2018-06-12,"LiXin","12","0.5W",1136.21,"JiaoJiang",5100,5,830,65,64,1,0,0
"527",2018-08-15,2018-08-05,2018-08-10,2018-06-12,"LiXin","12","0.5W",2805.022,"JiaoJiang",5100,5,830,60,64,1,0,0
"528",2018-08-15,2018-08-05,2018-08-10,2018-06-12,"LiXin","102","1.6-1.8W",171.723,"NingBoZhenHai",16000,0,715,57,48.5,1,0,0
"529",2018-08-15,2018-08-05,2018-08-10,2018-06-12,"LiXin","102","1.6-1.8W",1623.71,"NingBoZhenHai",16000,0,715,55,48.5,1,0,0
"530",2018-08-15,2018-08-09,2018-08-14,2018-06-12,"LiXin","39","1.3-1.5W",1281.608,"NingBoZhenHai",16000,0,715,55,49,1,0,0
"531",2018-08-15,2018-08-09,2018-08-14,2018-06-12,"LiXin","39","1.3-1.5W",483.598,"NingBoZhenHai",16000,0,715,57,49,1,0,0
